Analysis & Synthesis report for Problema1_Lab3
Thu Oct  9 20:53:08 2025
Quartus Prime Version 22.1std.0 Build 915 10/25/2022 SC Lite Edition


---------------------
; Table of Contents ;
---------------------
  1. Legal Notice
  2. Analysis & Synthesis Summary
  3. Analysis & Synthesis Settings
  4. Parallel Compilation
  5. Analysis & Synthesis Source Files Read
  6. Analysis & Synthesis Resource Usage Summary
  7. Analysis & Synthesis Resource Utilization by Entity
  8. Analysis & Synthesis DSP Block Usage Summary
  9. State Machine - |top_lab3_avance|fsm_game:u_fsm|state
 10. Registers Removed During Synthesis
 11. General Register Statistics
 12. Inverted Register Statistics
 13. Multiplexer Restructuring Statistics (Restructuring Performed)
 14. Parameter Settings for User Entity Instance: tick_1hz:u_tick
 15. Parameter Settings for User Entity Instance: gen_pixclk:u_pix
 16. Parameter Settings for User Entity Instance: vga_timing_640x480:u_ctrl
 17. Parameter Settings for Inferred Entity Instance: videoGen:u_vid|lpm_divide:Mod0
 18. Parameter Settings for Inferred Entity Instance: videoGen:u_vid|lpm_divide:Mod1
 19. Parameter Settings for Inferred Entity Instance: videoGen:u_vid|lpm_divide:Mod2
 20. Parameter Settings for Inferred Entity Instance: videoGen:u_vid|lpm_divide:Div0
 21. Parameter Settings for Inferred Entity Instance: videoGen:u_vid|lpm_divide:Div1
 22. Parameter Settings for Inferred Entity Instance: videoGen:u_vid|lpm_divide:Div2
 23. Parameter Settings for Inferred Entity Instance: videoGen:u_vid|lpm_divide:Div3
 24. Parameter Settings for Inferred Entity Instance: videoGen:u_vid|lpm_divide:Mod3
 25. Parameter Settings for Inferred Entity Instance: videoGen:u_vid|lpm_divide:Mod4
 26. Parameter Settings for Inferred Entity Instance: counter_15s:u_cnt|lpm_divide:Mod0
 27. Parameter Settings for Inferred Entity Instance: counter_15s:u_cnt|lpm_divide:Div0
 28. Port Connectivity Checks: "fsm_game:u_fsm"
 29. Port Connectivity Checks: "card_selector:u_sel"
 30. Port Connectivity Checks: "auto_selector:u_auto_sel"
 31. Post-Synthesis Netlist Statistics for Top Partition
 32. Elapsed Time Per Partition
 33. Analysis & Synthesis Messages
 34. Analysis & Synthesis Suppressed Messages



----------------
; Legal Notice ;
----------------
Copyright (C) 2022  Intel Corporation. All rights reserved.
Your use of Intel Corporation's design tools, logic functions 
and other software and tools, and any partner logic 
functions, and any output files from any of the foregoing 
(including device programming or simulation files), and any 
associated documentation or information are expressly subject 
to the terms and conditions of the Intel Program License 
Subscription Agreement, the Intel Quartus Prime License Agreement,
the Intel FPGA IP License Agreement, or other applicable license
agreement, including, without limitation, that your use is for
the sole purpose of programming logic devices manufactured by
Intel and sold by Intel or its authorized distributors.  Please
refer to the applicable agreement for further details, at
https://fpgasoftware.intel.com/eula.



+----------------------------------------------------------------------------------+
; Analysis & Synthesis Summary                                                     ;
+---------------------------------+------------------------------------------------+
; Analysis & Synthesis Status     ; Successful - Thu Oct  9 20:53:08 2025          ;
; Quartus Prime Version           ; 22.1std.0 Build 915 10/25/2022 SC Lite Edition ;
; Revision Name                   ; Problema1_Lab3                                 ;
; Top-level Entity Name           ; top_lab3_avance                                ;
; Family                          ; Cyclone V                                      ;
; Logic utilization (in ALMs)     ; N/A                                            ;
; Total registers                 ; 195                                            ;
; Total pins                      ; 72                                             ;
; Total virtual pins              ; 0                                              ;
; Total block memory bits         ; 0                                              ;
; Total DSP Blocks                ; 1                                              ;
; Total HSSI RX PCSs              ; 0                                              ;
; Total HSSI PMA RX Deserializers ; 0                                              ;
; Total HSSI TX PCSs              ; 0                                              ;
; Total HSSI PMA TX Serializers   ; 0                                              ;
; Total PLLs                      ; 0                                              ;
; Total DLLs                      ; 0                                              ;
+---------------------------------+------------------------------------------------+


+---------------------------------------------------------------------------------------------------------------------------+
; Analysis & Synthesis Settings                                                                                             ;
+---------------------------------------------------------------------------------+--------------------+--------------------+
; Option                                                                          ; Setting            ; Default Value      ;
+---------------------------------------------------------------------------------+--------------------+--------------------+
; Device                                                                          ; 5CSXFC6D6F31C6     ;                    ;
; Top-level entity name                                                           ; top_lab3_avance    ; Problema1_Lab3     ;
; Family name                                                                     ; Cyclone V          ; Cyclone V          ;
; Use smart compilation                                                           ; Off                ; Off                ;
; Enable parallel Assembler and Timing Analyzer during compilation                ; On                 ; On                 ;
; Enable compact report table                                                     ; Off                ; Off                ;
; Restructure Multiplexers                                                        ; Auto               ; Auto               ;
; MLAB Add Timing Constraints For Mixed-Port Feed-Through Mode Setting Don't Care ; Off                ; Off                ;
; Create Debugging Nodes for IP Cores                                             ; Off                ; Off                ;
; Preserve fewer node names                                                       ; On                 ; On                 ;
; Intel FPGA IP Evaluation Mode                                                   ; Enable             ; Enable             ;
; Verilog Version                                                                 ; Verilog_2001       ; Verilog_2001       ;
; VHDL Version                                                                    ; VHDL_1993          ; VHDL_1993          ;
; State Machine Processing                                                        ; Auto               ; Auto               ;
; Safe State Machine                                                              ; Off                ; Off                ;
; Extract Verilog State Machines                                                  ; On                 ; On                 ;
; Extract VHDL State Machines                                                     ; On                 ; On                 ;
; Ignore Verilog initial constructs                                               ; Off                ; Off                ;
; Iteration limit for constant Verilog loops                                      ; 5000               ; 5000               ;
; Iteration limit for non-constant Verilog loops                                  ; 250                ; 250                ;
; Add Pass-Through Logic to Inferred RAMs                                         ; On                 ; On                 ;
; Infer RAMs from Raw Logic                                                       ; On                 ; On                 ;
; Parallel Synthesis                                                              ; On                 ; On                 ;
; DSP Block Balancing                                                             ; Auto               ; Auto               ;
; NOT Gate Push-Back                                                              ; On                 ; On                 ;
; Power-Up Don't Care                                                             ; On                 ; On                 ;
; Remove Redundant Logic Cells                                                    ; Off                ; Off                ;
; Remove Duplicate Registers                                                      ; On                 ; On                 ;
; Ignore CARRY Buffers                                                            ; Off                ; Off                ;
; Ignore CASCADE Buffers                                                          ; Off                ; Off                ;
; Ignore GLOBAL Buffers                                                           ; Off                ; Off                ;
; Ignore ROW GLOBAL Buffers                                                       ; Off                ; Off                ;
; Ignore LCELL Buffers                                                            ; Off                ; Off                ;
; Ignore SOFT Buffers                                                             ; On                 ; On                 ;
; Limit AHDL Integers to 32 Bits                                                  ; Off                ; Off                ;
; Optimization Technique                                                          ; Balanced           ; Balanced           ;
; Carry Chain Length                                                              ; 70                 ; 70                 ;
; Auto Carry Chains                                                               ; On                 ; On                 ;
; Auto Open-Drain Pins                                                            ; On                 ; On                 ;
; Perform WYSIWYG Primitive Resynthesis                                           ; Off                ; Off                ;
; Auto ROM Replacement                                                            ; On                 ; On                 ;
; Auto RAM Replacement                                                            ; On                 ; On                 ;
; Auto DSP Block Replacement                                                      ; On                 ; On                 ;
; Auto Shift Register Replacement                                                 ; Auto               ; Auto               ;
; Allow Shift Register Merging across Hierarchies                                 ; Auto               ; Auto               ;
; Auto Clock Enable Replacement                                                   ; On                 ; On                 ;
; Strict RAM Replacement                                                          ; Off                ; Off                ;
; Allow Synchronous Control Signals                                               ; On                 ; On                 ;
; Force Use of Synchronous Clear Signals                                          ; Off                ; Off                ;
; Auto Resource Sharing                                                           ; Off                ; Off                ;
; Allow Any RAM Size For Recognition                                              ; Off                ; Off                ;
; Allow Any ROM Size For Recognition                                              ; Off                ; Off                ;
; Allow Any Shift Register Size For Recognition                                   ; Off                ; Off                ;
; Use LogicLock Constraints during Resource Balancing                             ; On                 ; On                 ;
; Ignore translate_off and synthesis_off directives                               ; Off                ; Off                ;
; Timing-Driven Synthesis                                                         ; On                 ; On                 ;
; Report Parameter Settings                                                       ; On                 ; On                 ;
; Report Source Assignments                                                       ; On                 ; On                 ;
; Report Connectivity Checks                                                      ; On                 ; On                 ;
; Ignore Maximum Fan-Out Assignments                                              ; Off                ; Off                ;
; Synchronization Register Chain Length                                           ; 3                  ; 3                  ;
; Power Optimization During Synthesis                                             ; Normal compilation ; Normal compilation ;
; HDL message level                                                               ; Level2             ; Level2             ;
; Suppress Register Optimization Related Messages                                 ; Off                ; Off                ;
; Number of Removed Registers Reported in Synthesis Report                        ; 5000               ; 5000               ;
; Number of Swept Nodes Reported in Synthesis Report                              ; 5000               ; 5000               ;
; Number of Inverted Registers Reported in Synthesis Report                       ; 100                ; 100                ;
; Clock MUX Protection                                                            ; On                 ; On                 ;
; Auto Gated Clock Conversion                                                     ; Off                ; Off                ;
; Block Design Naming                                                             ; Auto               ; Auto               ;
; SDC constraint protection                                                       ; Off                ; Off                ;
; Synthesis Effort                                                                ; Auto               ; Auto               ;
; Shift Register Replacement - Allow Asynchronous Clear Signal                    ; On                 ; On                 ;
; Pre-Mapping Resynthesis Optimization                                            ; Off                ; Off                ;
; Analysis & Synthesis Message Level                                              ; Medium             ; Medium             ;
; Disable Register Merging Across Hierarchies                                     ; Auto               ; Auto               ;
; Resource Aware Inference For Block RAM                                          ; On                 ; On                 ;
; Automatic Parallel Synthesis                                                    ; On                 ; On                 ;
; Partial Reconfiguration Bitstream ID                                            ; Off                ; Off                ;
+---------------------------------------------------------------------------------+--------------------+--------------------+


+------------------------------------------+
; Parallel Compilation                     ;
+----------------------------+-------------+
; Processors                 ; Number      ;
+----------------------------+-------------+
; Number detected on machine ; 8           ;
; Maximum allowed            ; 4           ;
;                            ;             ;
; Average used               ; 1.00        ;
; Maximum used               ; 4           ;
;                            ;             ;
; Usage by Processor         ; % Time Used ;
;     Processor 1            ; 100.0%      ;
;     Processor 2            ;   0.0%      ;
;     Processor 3            ;   0.0%      ;
;     Processor 4            ;   0.0%      ;
+----------------------------+-------------+


+---------------------------------------------------------------------------------------------------------------------------------------------------------------------------------------------------------------------------------------------------------+
; Analysis & Synthesis Source Files Read                                                                                                                                                                                                                  ;
+----------------------------------+-----------------+------------------------------+-----------------------------------------------------------------------------------------------------------------------------------------------------------+---------+
; File Name with User-Entered Path ; Used in Netlist ; File Type                    ; File Name with Absolute Path                                                                                                                              ; Library ;
+----------------------------------+-----------------+------------------------------+-----------------------------------------------------------------------------------------------------------------------------------------------------------+---------+
; vga_timing_640x480.sv            ; yes             ; User SystemVerilog HDL File  ; C:/Users/ema08/OneDrive - Estudiantes ITCR/Escritorio/Taller de diseno/erojas__gfernandez_digital_design_lab_2025/Laboratorio3/vga_timing_640x480.sv      ;         ;
; videoGen.sv                      ; yes             ; User SystemVerilog HDL File  ; C:/Users/ema08/OneDrive - Estudiantes ITCR/Escritorio/Taller de diseno/erojas__gfernandez_digital_design_lab_2025/Laboratorio3/videoGen.sv                ;         ;
; top_lab3_avance.sv               ; yes             ; User SystemVerilog HDL File  ; C:/Users/ema08/OneDrive - Estudiantes ITCR/Escritorio/Taller de diseno/erojas__gfernandez_digital_design_lab_2025/Laboratorio3/top_lab3_avance.sv         ;         ;
; gen_pixclk.sv                    ; yes             ; User SystemVerilog HDL File  ; C:/Users/ema08/OneDrive - Estudiantes ITCR/Escritorio/Taller de diseno/erojas__gfernandez_digital_design_lab_2025/Laboratorio3/gen_pixclk.sv              ;         ;
; tick_1hz.sv                      ; yes             ; User SystemVerilog HDL File  ; C:/Users/ema08/OneDrive - Estudiantes ITCR/Escritorio/Taller de diseno/erojas__gfernandez_digital_design_lab_2025/Laboratorio3/tick_1hz.sv                ;         ;
; counter_15s.sv                   ; yes             ; User SystemVerilog HDL File  ; C:/Users/ema08/OneDrive - Estudiantes ITCR/Escritorio/Taller de diseno/erojas__gfernandez_digital_design_lab_2025/Laboratorio3/counter_15s.sv             ;         ;
; fsm_game.sv                      ; yes             ; User SystemVerilog HDL File  ; C:/Users/ema08/OneDrive - Estudiantes ITCR/Escritorio/Taller de diseno/erojas__gfernandez_digital_design_lab_2025/Laboratorio3/fsm_game.sv                ;         ;
; hex7seg.sv                       ; yes             ; User SystemVerilog HDL File  ; C:/Users/ema08/OneDrive - Estudiantes ITCR/Escritorio/Taller de diseno/erojas__gfernandez_digital_design_lab_2025/Laboratorio3/hex7seg.sv                 ;         ;
; card_selector.sv                 ; yes             ; User SystemVerilog HDL File  ; C:/Users/ema08/OneDrive - Estudiantes ITCR/Escritorio/Taller de diseno/erojas__gfernandez_digital_design_lab_2025/Laboratorio3/card_selector.sv           ;         ;
; textROM.sv                       ; yes             ; User SystemVerilog HDL File  ; C:/Users/ema08/OneDrive - Estudiantes ITCR/Escritorio/Taller de diseno/erojas__gfernandez_digital_design_lab_2025/Laboratorio3/textROM.sv                 ;         ;
; auto_selector.sv                 ; yes             ; User SystemVerilog HDL File  ; C:/Users/ema08/OneDrive - Estudiantes ITCR/Escritorio/Taller de diseno/erojas__gfernandez_digital_design_lab_2025/Laboratorio3/auto_selector.sv           ;         ;
; lpm_divide.tdf                   ; yes             ; Megafunction                 ; c:/intelfpga_lite/22.1std/quartus/libraries/megafunctions/lpm_divide.tdf                                                                                  ;         ;
; abs_divider.inc                  ; yes             ; Megafunction                 ; c:/intelfpga_lite/22.1std/quartus/libraries/megafunctions/abs_divider.inc                                                                                 ;         ;
; sign_div_unsign.inc              ; yes             ; Megafunction                 ; c:/intelfpga_lite/22.1std/quartus/libraries/megafunctions/sign_div_unsign.inc                                                                             ;         ;
; aglobal221.inc                   ; yes             ; Megafunction                 ; c:/intelfpga_lite/22.1std/quartus/libraries/megafunctions/aglobal221.inc                                                                                  ;         ;
; db/lpm_divide_k3m.tdf            ; yes             ; Auto-Generated Megafunction  ; C:/Users/ema08/OneDrive - Estudiantes ITCR/Escritorio/Taller de diseno/erojas__gfernandez_digital_design_lab_2025/Laboratorio3/db/lpm_divide_k3m.tdf      ;         ;
; db/sign_div_unsign_nlh.tdf       ; yes             ; Auto-Generated Megafunction  ; C:/Users/ema08/OneDrive - Estudiantes ITCR/Escritorio/Taller de diseno/erojas__gfernandez_digital_design_lab_2025/Laboratorio3/db/sign_div_unsign_nlh.tdf ;         ;
; db/alt_u_div_kve.tdf             ; yes             ; Auto-Generated Megafunction  ; C:/Users/ema08/OneDrive - Estudiantes ITCR/Escritorio/Taller de diseno/erojas__gfernandez_digital_design_lab_2025/Laboratorio3/db/alt_u_div_kve.tdf       ;         ;
; db/lpm_divide_92m.tdf            ; yes             ; Auto-Generated Megafunction  ; C:/Users/ema08/OneDrive - Estudiantes ITCR/Escritorio/Taller de diseno/erojas__gfernandez_digital_design_lab_2025/Laboratorio3/db/lpm_divide_92m.tdf      ;         ;
; db/sign_div_unsign_ckh.tdf       ; yes             ; Auto-Generated Megafunction  ; C:/Users/ema08/OneDrive - Estudiantes ITCR/Escritorio/Taller de diseno/erojas__gfernandez_digital_design_lab_2025/Laboratorio3/db/sign_div_unsign_ckh.tdf ;         ;
; db/alt_u_div_use.tdf             ; yes             ; Auto-Generated Megafunction  ; C:/Users/ema08/OneDrive - Estudiantes ITCR/Escritorio/Taller de diseno/erojas__gfernandez_digital_design_lab_2025/Laboratorio3/db/alt_u_div_use.tdf       ;         ;
; db/lpm_divide_hbm.tdf            ; yes             ; Auto-Generated Megafunction  ; C:/Users/ema08/OneDrive - Estudiantes ITCR/Escritorio/Taller de diseno/erojas__gfernandez_digital_design_lab_2025/Laboratorio3/db/lpm_divide_hbm.tdf      ;         ;
; db/lpm_divide_4am.tdf            ; yes             ; Auto-Generated Megafunction  ; C:/Users/ema08/OneDrive - Estudiantes ITCR/Escritorio/Taller de diseno/erojas__gfernandez_digital_design_lab_2025/Laboratorio3/db/lpm_divide_4am.tdf      ;         ;
; db/sign_div_unsign_akh.tdf       ; yes             ; Auto-Generated Megafunction  ; C:/Users/ema08/OneDrive - Estudiantes ITCR/Escritorio/Taller de diseno/erojas__gfernandez_digital_design_lab_2025/Laboratorio3/db/sign_div_unsign_akh.tdf ;         ;
; db/alt_u_div_qse.tdf             ; yes             ; Auto-Generated Megafunction  ; C:/Users/ema08/OneDrive - Estudiantes ITCR/Escritorio/Taller de diseno/erojas__gfernandez_digital_design_lab_2025/Laboratorio3/db/alt_u_div_qse.tdf       ;         ;
; db/lpm_divide_n3m.tdf            ; yes             ; Auto-Generated Megafunction  ; C:/Users/ema08/OneDrive - Estudiantes ITCR/Escritorio/Taller de diseno/erojas__gfernandez_digital_design_lab_2025/Laboratorio3/db/lpm_divide_n3m.tdf      ;         ;
; db/sign_div_unsign_qlh.tdf       ; yes             ; Auto-Generated Megafunction  ; C:/Users/ema08/OneDrive - Estudiantes ITCR/Escritorio/Taller de diseno/erojas__gfernandez_digital_design_lab_2025/Laboratorio3/db/sign_div_unsign_qlh.tdf ;         ;
; db/alt_u_div_qve.tdf             ; yes             ; Auto-Generated Megafunction  ; C:/Users/ema08/OneDrive - Estudiantes ITCR/Escritorio/Taller de diseno/erojas__gfernandez_digital_design_lab_2025/Laboratorio3/db/alt_u_div_qve.tdf       ;         ;
; db/lpm_divide_a2m.tdf            ; yes             ; Auto-Generated Megafunction  ; C:/Users/ema08/OneDrive - Estudiantes ITCR/Escritorio/Taller de diseno/erojas__gfernandez_digital_design_lab_2025/Laboratorio3/db/lpm_divide_a2m.tdf      ;         ;
; db/sign_div_unsign_dkh.tdf       ; yes             ; Auto-Generated Megafunction  ; C:/Users/ema08/OneDrive - Estudiantes ITCR/Escritorio/Taller de diseno/erojas__gfernandez_digital_design_lab_2025/Laboratorio3/db/sign_div_unsign_dkh.tdf ;         ;
; db/alt_u_div_0te.tdf             ; yes             ; Auto-Generated Megafunction  ; C:/Users/ema08/OneDrive - Estudiantes ITCR/Escritorio/Taller de diseno/erojas__gfernandez_digital_design_lab_2025/Laboratorio3/db/alt_u_div_0te.tdf       ;         ;
; db/lpm_divide_eho.tdf            ; yes             ; Auto-Generated Megafunction  ; C:/Users/ema08/OneDrive - Estudiantes ITCR/Escritorio/Taller de diseno/erojas__gfernandez_digital_design_lab_2025/Laboratorio3/db/lpm_divide_eho.tdf      ;         ;
; db/abs_divider_kbg.tdf           ; yes             ; Auto-Generated Megafunction  ; C:/Users/ema08/OneDrive - Estudiantes ITCR/Escritorio/Taller de diseno/erojas__gfernandez_digital_design_lab_2025/Laboratorio3/db/abs_divider_kbg.tdf     ;         ;
; db/alt_u_div_ove.tdf             ; yes             ; Auto-Generated Megafunction  ; C:/Users/ema08/OneDrive - Estudiantes ITCR/Escritorio/Taller de diseno/erojas__gfernandez_digital_design_lab_2025/Laboratorio3/db/alt_u_div_ove.tdf       ;         ;
; db/lpm_abs_kn9.tdf               ; yes             ; Auto-Generated Megafunction  ; C:/Users/ema08/OneDrive - Estudiantes ITCR/Escritorio/Taller de diseno/erojas__gfernandez_digital_design_lab_2025/Laboratorio3/db/lpm_abs_kn9.tdf         ;         ;
; db/lpm_abs_4p9.tdf               ; yes             ; Auto-Generated Megafunction  ; C:/Users/ema08/OneDrive - Estudiantes ITCR/Escritorio/Taller de diseno/erojas__gfernandez_digital_design_lab_2025/Laboratorio3/db/lpm_abs_4p9.tdf         ;         ;
; db/lpm_divide_bpo.tdf            ; yes             ; Auto-Generated Megafunction  ; C:/Users/ema08/OneDrive - Estudiantes ITCR/Escritorio/Taller de diseno/erojas__gfernandez_digital_design_lab_2025/Laboratorio3/db/lpm_divide_bpo.tdf      ;         ;
+----------------------------------+-----------------+------------------------------+-----------------------------------------------------------------------------------------------------------------------------------------------------------+---------+


+---------------------------------------------------------+
; Analysis & Synthesis Resource Usage Summary             ;
+---------------------------------------------+-----------+
; Resource                                    ; Usage     ;
+---------------------------------------------+-----------+
; Estimate of Logic utilization (ALMs needed) ; 1151      ;
;                                             ;           ;
; Combinational ALUT usage for logic          ; 2147      ;
;     -- 7 input functions                    ; 8         ;
;     -- 6 input functions                    ; 144       ;
;     -- 5 input functions                    ; 88        ;
;     -- 4 input functions                    ; 436       ;
;     -- <=3 input functions                  ; 1471      ;
;                                             ;           ;
; Dedicated logic registers                   ; 195       ;
;                                             ;           ;
; I/O pins                                    ; 72        ;
;                                             ;           ;
; Total DSP Blocks                            ; 1         ;
;                                             ;           ;
; Maximum fan-out node                        ; clk~input ;
; Maximum fan-out                             ; 175       ;
; Total fan-out                               ; 7606      ;
; Average fan-out                             ; 3.06      ;
+---------------------------------------------+-----------+


+---------------------------------------------------------------------------------------------------------------------------------------------------------------------------------------------------------------------------------------------------------------------------------------------------------------------------+
; Analysis & Synthesis Resource Utilization by Entity                                                                                                                                                                                                                                                                       ;
+-------------------------------------------+---------------------+---------------------------+-------------------+------------+------+--------------+---------------------------------------------------------------------------------------------------------------------------------+---------------------+--------------+
; Compilation Hierarchy Node                ; Combinational ALUTs ; Dedicated Logic Registers ; Block Memory Bits ; DSP Blocks ; Pins ; Virtual Pins ; Full Hierarchy Name                                                                                                             ; Entity Name         ; Library Name ;
+-------------------------------------------+---------------------+---------------------------+-------------------+------------+------+--------------+---------------------------------------------------------------------------------------------------------------------------------+---------------------+--------------+
; |top_lab3_avance                          ; 2147 (25)           ; 195 (11)                  ; 0                 ; 1          ; 72   ; 0            ; |top_lab3_avance                                                                                                                ; top_lab3_avance     ; work         ;
;    |auto_selector:u_auto_sel|             ; 80 (80)             ; 33 (33)                   ; 0                 ; 0          ; 0    ; 0            ; |top_lab3_avance|auto_selector:u_auto_sel                                                                                       ; auto_selector       ; work         ;
;    |card_selector:u_sel|                  ; 74 (74)             ; 35 (35)                   ; 0                 ; 0          ; 0    ; 0            ; |top_lab3_avance|card_selector:u_sel                                                                                            ; card_selector       ; work         ;
;    |counter_15s:u_cnt|                    ; 967 (44)            ; 33 (33)                   ; 0                 ; 0          ; 0    ; 0            ; |top_lab3_avance|counter_15s:u_cnt                                                                                              ; counter_15s         ; work         ;
;       |lpm_divide:Div0|                   ; 459 (0)             ; 0 (0)                     ; 0                 ; 0          ; 0    ; 0            ; |top_lab3_avance|counter_15s:u_cnt|lpm_divide:Div0                                                                              ; lpm_divide          ; work         ;
;          |lpm_divide_bpo:auto_generated|  ; 459 (0)             ; 0 (0)                     ; 0                 ; 0          ; 0    ; 0            ; |top_lab3_avance|counter_15s:u_cnt|lpm_divide:Div0|lpm_divide_bpo:auto_generated                                                ; lpm_divide_bpo      ; work         ;
;             |abs_divider_kbg:divider|     ; 459 (8)             ; 0 (0)                     ; 0                 ; 0          ; 0    ; 0            ; |top_lab3_avance|counter_15s:u_cnt|lpm_divide:Div0|lpm_divide_bpo:auto_generated|abs_divider_kbg:divider                        ; abs_divider_kbg     ; work         ;
;                |alt_u_div_ove:divider|    ; 419 (419)           ; 0 (0)                     ; 0                 ; 0          ; 0    ; 0            ; |top_lab3_avance|counter_15s:u_cnt|lpm_divide:Div0|lpm_divide_bpo:auto_generated|abs_divider_kbg:divider|alt_u_div_ove:divider  ; alt_u_div_ove       ; work         ;
;                |lpm_abs_4p9:my_abs_num|   ; 32 (32)             ; 0 (0)                     ; 0                 ; 0          ; 0    ; 0            ; |top_lab3_avance|counter_15s:u_cnt|lpm_divide:Div0|lpm_divide_bpo:auto_generated|abs_divider_kbg:divider|lpm_abs_4p9:my_abs_num ; lpm_abs_4p9         ; work         ;
;       |lpm_divide:Mod0|                   ; 464 (0)             ; 0 (0)                     ; 0                 ; 0          ; 0    ; 0            ; |top_lab3_avance|counter_15s:u_cnt|lpm_divide:Mod0                                                                              ; lpm_divide          ; work         ;
;          |lpm_divide_eho:auto_generated|  ; 464 (0)             ; 0 (0)                     ; 0                 ; 0          ; 0    ; 0            ; |top_lab3_avance|counter_15s:u_cnt|lpm_divide:Mod0|lpm_divide_eho:auto_generated                                                ; lpm_divide_eho      ; work         ;
;             |abs_divider_kbg:divider|     ; 464 (8)             ; 0 (0)                     ; 0                 ; 0          ; 0    ; 0            ; |top_lab3_avance|counter_15s:u_cnt|lpm_divide:Mod0|lpm_divide_eho:auto_generated|abs_divider_kbg:divider                        ; abs_divider_kbg     ; work         ;
;                |alt_u_div_ove:divider|    ; 424 (424)           ; 0 (0)                     ; 0                 ; 0          ; 0    ; 0            ; |top_lab3_avance|counter_15s:u_cnt|lpm_divide:Mod0|lpm_divide_eho:auto_generated|abs_divider_kbg:divider|alt_u_div_ove:divider  ; alt_u_div_ove       ; work         ;
;                |lpm_abs_4p9:my_abs_num|   ; 32 (32)             ; 0 (0)                     ; 0                 ; 0          ; 0    ; 0            ; |top_lab3_avance|counter_15s:u_cnt|lpm_divide:Mod0|lpm_divide_eho:auto_generated|abs_divider_kbg:divider|lpm_abs_4p9:my_abs_num ; lpm_abs_4p9         ; work         ;
;    |fsm_game:u_fsm|                       ; 50 (50)             ; 33 (33)                   ; 0                 ; 0          ; 0    ; 0            ; |top_lab3_avance|fsm_game:u_fsm                                                                                                 ; fsm_game            ; work         ;
;    |gen_pixclk:u_pix|                     ; 3 (3)               ; 3 (3)                     ; 0                 ; 0          ; 0    ; 0            ; |top_lab3_avance|gen_pixclk:u_pix                                                                                               ; gen_pixclk          ; work         ;
;    |hex7seg:u_hex_p1|                     ; 7 (7)               ; 0 (0)                     ; 0                 ; 0          ; 0    ; 0            ; |top_lab3_avance|hex7seg:u_hex_p1                                                                                               ; hex7seg             ; work         ;
;    |hex7seg:u_hex_p2|                     ; 7 (7)               ; 0 (0)                     ; 0                 ; 0          ; 0    ; 0            ; |top_lab3_avance|hex7seg:u_hex_p2                                                                                               ; hex7seg             ; work         ;
;    |hex7seg:u_hex_tens|                   ; 7 (7)               ; 0 (0)                     ; 0                 ; 0          ; 0    ; 0            ; |top_lab3_avance|hex7seg:u_hex_tens                                                                                             ; hex7seg             ; work         ;
;    |hex7seg:u_hex_units|                  ; 7 (7)               ; 0 (0)                     ; 0                 ; 0          ; 0    ; 0            ; |top_lab3_avance|hex7seg:u_hex_units                                                                                            ; hex7seg             ; work         ;
;    |tick_1hz:u_tick|                      ; 31 (31)             ; 27 (27)                   ; 0                 ; 0          ; 0    ; 0            ; |top_lab3_avance|tick_1hz:u_tick                                                                                                ; tick_1hz            ; work         ;
;    |vga_timing_640x480:u_ctrl|            ; 30 (30)             ; 20 (20)                   ; 0                 ; 0          ; 0    ; 0            ; |top_lab3_avance|vga_timing_640x480:u_ctrl                                                                                      ; vga_timing_640x480  ; work         ;
;    |videoGen:u_vid|                       ; 859 (178)           ; 0 (0)                     ; 0                 ; 1          ; 0    ; 0            ; |top_lab3_avance|videoGen:u_vid                                                                                                 ; videoGen            ; work         ;
;       |lpm_divide:Div0|                   ; 60 (0)              ; 0 (0)                     ; 0                 ; 0          ; 0    ; 0            ; |top_lab3_avance|videoGen:u_vid|lpm_divide:Div0                                                                                 ; lpm_divide          ; work         ;
;          |lpm_divide_hbm:auto_generated|  ; 60 (0)              ; 0 (0)                     ; 0                 ; 0          ; 0    ; 0            ; |top_lab3_avance|videoGen:u_vid|lpm_divide:Div0|lpm_divide_hbm:auto_generated                                                   ; lpm_divide_hbm      ; work         ;
;             |sign_div_unsign_nlh:divider| ; 60 (0)              ; 0 (0)                     ; 0                 ; 0          ; 0    ; 0            ; |top_lab3_avance|videoGen:u_vid|lpm_divide:Div0|lpm_divide_hbm:auto_generated|sign_div_unsign_nlh:divider                       ; sign_div_unsign_nlh ; work         ;
;                |alt_u_div_kve:divider|    ; 60 (60)             ; 0 (0)                     ; 0                 ; 0          ; 0    ; 0            ; |top_lab3_avance|videoGen:u_vid|lpm_divide:Div0|lpm_divide_hbm:auto_generated|sign_div_unsign_nlh:divider|alt_u_div_kve:divider ; alt_u_div_kve       ; work         ;
;       |lpm_divide:Div1|                   ; 60 (0)              ; 0 (0)                     ; 0                 ; 0          ; 0    ; 0            ; |top_lab3_avance|videoGen:u_vid|lpm_divide:Div1                                                                                 ; lpm_divide          ; work         ;
;          |lpm_divide_hbm:auto_generated|  ; 60 (0)              ; 0 (0)                     ; 0                 ; 0          ; 0    ; 0            ; |top_lab3_avance|videoGen:u_vid|lpm_divide:Div1|lpm_divide_hbm:auto_generated                                                   ; lpm_divide_hbm      ; work         ;
;             |sign_div_unsign_nlh:divider| ; 60 (0)              ; 0 (0)                     ; 0                 ; 0          ; 0    ; 0            ; |top_lab3_avance|videoGen:u_vid|lpm_divide:Div1|lpm_divide_hbm:auto_generated|sign_div_unsign_nlh:divider                       ; sign_div_unsign_nlh ; work         ;
;                |alt_u_div_kve:divider|    ; 60 (60)             ; 0 (0)                     ; 0                 ; 0          ; 0    ; 0            ; |top_lab3_avance|videoGen:u_vid|lpm_divide:Div1|lpm_divide_hbm:auto_generated|sign_div_unsign_nlh:divider|alt_u_div_kve:divider ; alt_u_div_kve       ; work         ;
;       |lpm_divide:Div2|                   ; 36 (0)              ; 0 (0)                     ; 0                 ; 0          ; 0    ; 0            ; |top_lab3_avance|videoGen:u_vid|lpm_divide:Div2                                                                                 ; lpm_divide          ; work         ;
;          |lpm_divide_4am:auto_generated|  ; 36 (0)              ; 0 (0)                     ; 0                 ; 0          ; 0    ; 0            ; |top_lab3_avance|videoGen:u_vid|lpm_divide:Div2|lpm_divide_4am:auto_generated                                                   ; lpm_divide_4am      ; work         ;
;             |sign_div_unsign_akh:divider| ; 36 (0)              ; 0 (0)                     ; 0                 ; 0          ; 0    ; 0            ; |top_lab3_avance|videoGen:u_vid|lpm_divide:Div2|lpm_divide_4am:auto_generated|sign_div_unsign_akh:divider                       ; sign_div_unsign_akh ; work         ;
;                |alt_u_div_qse:divider|    ; 36 (36)             ; 0 (0)                     ; 0                 ; 0          ; 0    ; 0            ; |top_lab3_avance|videoGen:u_vid|lpm_divide:Div2|lpm_divide_4am:auto_generated|sign_div_unsign_akh:divider|alt_u_div_qse:divider ; alt_u_div_qse       ; work         ;
;       |lpm_divide:Div3|                   ; 36 (0)              ; 0 (0)                     ; 0                 ; 0          ; 0    ; 0            ; |top_lab3_avance|videoGen:u_vid|lpm_divide:Div3                                                                                 ; lpm_divide          ; work         ;
;          |lpm_divide_4am:auto_generated|  ; 36 (0)              ; 0 (0)                     ; 0                 ; 0          ; 0    ; 0            ; |top_lab3_avance|videoGen:u_vid|lpm_divide:Div3|lpm_divide_4am:auto_generated                                                   ; lpm_divide_4am      ; work         ;
;             |sign_div_unsign_akh:divider| ; 36 (0)              ; 0 (0)                     ; 0                 ; 0          ; 0    ; 0            ; |top_lab3_avance|videoGen:u_vid|lpm_divide:Div3|lpm_divide_4am:auto_generated|sign_div_unsign_akh:divider                       ; sign_div_unsign_akh ; work         ;
;                |alt_u_div_qse:divider|    ; 36 (36)             ; 0 (0)                     ; 0                 ; 0          ; 0    ; 0            ; |top_lab3_avance|videoGen:u_vid|lpm_divide:Div3|lpm_divide_4am:auto_generated|sign_div_unsign_akh:divider|alt_u_div_qse:divider ; alt_u_div_qse       ; work         ;
;       |lpm_divide:Mod0|                   ; 88 (0)              ; 0 (0)                     ; 0                 ; 0          ; 0    ; 0            ; |top_lab3_avance|videoGen:u_vid|lpm_divide:Mod0                                                                                 ; lpm_divide          ; work         ;
;          |lpm_divide_k3m:auto_generated|  ; 88 (0)              ; 0 (0)                     ; 0                 ; 0          ; 0    ; 0            ; |top_lab3_avance|videoGen:u_vid|lpm_divide:Mod0|lpm_divide_k3m:auto_generated                                                   ; lpm_divide_k3m      ; work         ;
;             |sign_div_unsign_nlh:divider| ; 88 (0)              ; 0 (0)                     ; 0                 ; 0          ; 0    ; 0            ; |top_lab3_avance|videoGen:u_vid|lpm_divide:Mod0|lpm_divide_k3m:auto_generated|sign_div_unsign_nlh:divider                       ; sign_div_unsign_nlh ; work         ;
;                |alt_u_div_kve:divider|    ; 88 (88)             ; 0 (0)                     ; 0                 ; 0          ; 0    ; 0            ; |top_lab3_avance|videoGen:u_vid|lpm_divide:Mod0|lpm_divide_k3m:auto_generated|sign_div_unsign_nlh:divider|alt_u_div_kve:divider ; alt_u_div_kve       ; work         ;
;       |lpm_divide:Mod1|                   ; 86 (0)              ; 0 (0)                     ; 0                 ; 0          ; 0    ; 0            ; |top_lab3_avance|videoGen:u_vid|lpm_divide:Mod1                                                                                 ; lpm_divide          ; work         ;
;          |lpm_divide_k3m:auto_generated|  ; 86 (0)              ; 0 (0)                     ; 0                 ; 0          ; 0    ; 0            ; |top_lab3_avance|videoGen:u_vid|lpm_divide:Mod1|lpm_divide_k3m:auto_generated                                                   ; lpm_divide_k3m      ; work         ;
;             |sign_div_unsign_nlh:divider| ; 86 (0)              ; 0 (0)                     ; 0                 ; 0          ; 0    ; 0            ; |top_lab3_avance|videoGen:u_vid|lpm_divide:Mod1|lpm_divide_k3m:auto_generated|sign_div_unsign_nlh:divider                       ; sign_div_unsign_nlh ; work         ;
;                |alt_u_div_kve:divider|    ; 86 (86)             ; 0 (0)                     ; 0                 ; 0          ; 0    ; 0            ; |top_lab3_avance|videoGen:u_vid|lpm_divide:Mod1|lpm_divide_k3m:auto_generated|sign_div_unsign_nlh:divider|alt_u_div_kve:divider ; alt_u_div_kve       ; work         ;
;       |lpm_divide:Mod2|                   ; 44 (0)              ; 0 (0)                     ; 0                 ; 0          ; 0    ; 0            ; |top_lab3_avance|videoGen:u_vid|lpm_divide:Mod2                                                                                 ; lpm_divide          ; work         ;
;          |lpm_divide_92m:auto_generated|  ; 44 (0)              ; 0 (0)                     ; 0                 ; 0          ; 0    ; 0            ; |top_lab3_avance|videoGen:u_vid|lpm_divide:Mod2|lpm_divide_92m:auto_generated                                                   ; lpm_divide_92m      ; work         ;
;             |sign_div_unsign_ckh:divider| ; 44 (0)              ; 0 (0)                     ; 0                 ; 0          ; 0    ; 0            ; |top_lab3_avance|videoGen:u_vid|lpm_divide:Mod2|lpm_divide_92m:auto_generated|sign_div_unsign_ckh:divider                       ; sign_div_unsign_ckh ; work         ;
;                |alt_u_div_use:divider|    ; 44 (44)             ; 0 (0)                     ; 0                 ; 0          ; 0    ; 0            ; |top_lab3_avance|videoGen:u_vid|lpm_divide:Mod2|lpm_divide_92m:auto_generated|sign_div_unsign_ckh:divider|alt_u_div_use:divider ; alt_u_div_use       ; work         ;
;       |lpm_divide:Mod3|                   ; 134 (0)             ; 0 (0)                     ; 0                 ; 0          ; 0    ; 0            ; |top_lab3_avance|videoGen:u_vid|lpm_divide:Mod3                                                                                 ; lpm_divide          ; work         ;
;          |lpm_divide_n3m:auto_generated|  ; 134 (0)             ; 0 (0)                     ; 0                 ; 0          ; 0    ; 0            ; |top_lab3_avance|videoGen:u_vid|lpm_divide:Mod3|lpm_divide_n3m:auto_generated                                                   ; lpm_divide_n3m      ; work         ;
;             |sign_div_unsign_qlh:divider| ; 134 (0)             ; 0 (0)                     ; 0                 ; 0          ; 0    ; 0            ; |top_lab3_avance|videoGen:u_vid|lpm_divide:Mod3|lpm_divide_n3m:auto_generated|sign_div_unsign_qlh:divider                       ; sign_div_unsign_qlh ; work         ;
;                |alt_u_div_qve:divider|    ; 134 (134)           ; 0 (0)                     ; 0                 ; 0          ; 0    ; 0            ; |top_lab3_avance|videoGen:u_vid|lpm_divide:Mod3|lpm_divide_n3m:auto_generated|sign_div_unsign_qlh:divider|alt_u_div_qve:divider ; alt_u_div_qve       ; work         ;
;       |lpm_divide:Mod4|                   ; 58 (0)              ; 0 (0)                     ; 0                 ; 0          ; 0    ; 0            ; |top_lab3_avance|videoGen:u_vid|lpm_divide:Mod4                                                                                 ; lpm_divide          ; work         ;
;          |lpm_divide_a2m:auto_generated|  ; 58 (0)              ; 0 (0)                     ; 0                 ; 0          ; 0    ; 0            ; |top_lab3_avance|videoGen:u_vid|lpm_divide:Mod4|lpm_divide_a2m:auto_generated                                                   ; lpm_divide_a2m      ; work         ;
;             |sign_div_unsign_dkh:divider| ; 58 (0)              ; 0 (0)                     ; 0                 ; 0          ; 0    ; 0            ; |top_lab3_avance|videoGen:u_vid|lpm_divide:Mod4|lpm_divide_a2m:auto_generated|sign_div_unsign_dkh:divider                       ; sign_div_unsign_dkh ; work         ;
;                |alt_u_div_0te:divider|    ; 58 (58)             ; 0 (0)                     ; 0                 ; 0          ; 0    ; 0            ; |top_lab3_avance|videoGen:u_vid|lpm_divide:Mod4|lpm_divide_a2m:auto_generated|sign_div_unsign_dkh:divider|alt_u_div_0te:divider ; alt_u_div_0te       ; work         ;
;       |textROM:fontROM|                   ; 79 (79)             ; 0 (0)                     ; 0                 ; 0          ; 0    ; 0            ; |top_lab3_avance|videoGen:u_vid|textROM:fontROM                                                                                 ; textROM             ; work         ;
+-------------------------------------------+---------------------+---------------------------+-------------------+------------+------+--------------+---------------------------------------------------------------------------------------------------------------------------------+---------------------+--------------+
Note: For table entries with two numbers listed, the numbers in parentheses indicate the number of resources of the given type used by the specific entity alone. The numbers listed outside of parentheses indicate the total resources of the given type used by the specific entity and all of its sub-entities in the hierarchy.


+-----------------------------------------------+
; Analysis & Synthesis DSP Block Usage Summary  ;
+---------------------------------+-------------+
; Statistic                       ; Number Used ;
+---------------------------------+-------------+
; Independent 9x9                 ; 1           ;
; Total number of DSP blocks      ; 1           ;
;                                 ;             ;
; Fixed Point Unsigned Multiplier ; 1           ;
+---------------------------------+-------------+


Encoding Type:  One-Hot
+------------------------------------------------------------------------------------------------------------------------------------------+
; State Machine - |top_lab3_avance|fsm_game:u_fsm|state                                                                                    ;
+-------------------+-----------+-----------------+-----------------+------------------+-------------------+------------------+------------+
; Name              ; state.WIN ; state.AUTO_MOVE ; state.AUTO_SHOW ; state.CHECK_PAIR ; state.TURN_ACTIVE ; state.WAIT_START ; state.INIT ;
+-------------------+-----------+-----------------+-----------------+------------------+-------------------+------------------+------------+
; state.INIT        ; 0         ; 0               ; 0               ; 0                ; 0                 ; 0                ; 0          ;
; state.WAIT_START  ; 0         ; 0               ; 0               ; 0                ; 0                 ; 1                ; 1          ;
; state.TURN_ACTIVE ; 0         ; 0               ; 0               ; 0                ; 1                 ; 0                ; 1          ;
; state.CHECK_PAIR  ; 0         ; 0               ; 0               ; 1                ; 0                 ; 0                ; 1          ;
; state.AUTO_SHOW   ; 0         ; 0               ; 1               ; 0                ; 0                 ; 0                ; 1          ;
; state.AUTO_MOVE   ; 0         ; 1               ; 0               ; 0                ; 0                 ; 0                ; 1          ;
; state.WIN         ; 1         ; 0               ; 0               ; 0                ; 0                 ; 0                ; 1          ;
+-------------------+-----------+-----------------+-----------------+------------------+-------------------+------------------+------------+


+-------------------------------------------------------------------------------+
; Registers Removed During Synthesis                                            ;
+----------------------------------------+--------------------------------------+
; Register name                          ; Reason for Removal                   ;
+----------------------------------------+--------------------------------------+
; fsm_game:u_fsm|state~4                 ; Lost fanout                          ;
; fsm_game:u_fsm|state~5                 ; Lost fanout                          ;
; fsm_game:u_fsm|state~6                 ; Lost fanout                          ;
; card_selector:u_sel|card_map~0         ; Stuck at GND due to stuck port clock ;
; card_selector:u_sel|card_map~1         ; Stuck at GND due to stuck port clock ;
; card_selector:u_sel|card_map~2         ; Stuck at GND due to stuck port clock ;
; card_selector:u_sel|card_map~3         ; Stuck at GND due to stuck port clock ;
; card_selector:u_sel|card_map~4         ; Stuck at GND due to stuck port clock ;
; card_selector:u_sel|card_map~5         ; Stuck at GND due to stuck port clock ;
; card_selector:u_sel|card_map~6         ; Stuck at GND due to stuck port clock ;
; card_selector:u_sel|card_map~7         ; Stuck at GND due to stuck port clock ;
; card_selector:u_sel|card_map~8         ; Stuck at GND due to stuck port clock ;
; card_selector:u_sel|card_map~9         ; Stuck at GND due to stuck port clock ;
; card_selector:u_sel|card_map~10        ; Stuck at GND due to stuck port clock ;
; card_selector:u_sel|card_map~11        ; Stuck at GND due to stuck port clock ;
; card_selector:u_sel|card_map~12        ; Stuck at GND due to stuck port clock ;
; card_selector:u_sel|card_map~13        ; Stuck at GND due to stuck port clock ;
; card_selector:u_sel|card_map~14        ; Stuck at GND due to stuck port clock ;
; card_selector:u_sel|card_map~15        ; Stuck at GND due to stuck port clock ;
; card_selector:u_sel|card_map~16        ; Stuck at GND due to stuck port clock ;
; card_selector:u_sel|card_map~17        ; Stuck at GND due to stuck port clock ;
; card_selector:u_sel|card_map~18        ; Stuck at GND due to stuck port clock ;
; card_selector:u_sel|card_map~19        ; Stuck at GND due to stuck port clock ;
; card_selector:u_sel|card_map~20        ; Stuck at GND due to stuck port clock ;
; card_selector:u_sel|card_map~21        ; Stuck at GND due to stuck port clock ;
; card_selector:u_sel|card_map~22        ; Stuck at GND due to stuck port clock ;
; card_selector:u_sel|card_map~23        ; Stuck at GND due to stuck port clock ;
; card_selector:u_sel|card_map~24        ; Stuck at GND due to stuck port clock ;
; card_selector:u_sel|card_map~25        ; Stuck at GND due to stuck port clock ;
; card_selector:u_sel|card_map~26        ; Stuck at GND due to stuck port clock ;
; card_selector:u_sel|card_map~27        ; Stuck at GND due to stuck port clock ;
; card_selector:u_sel|card_map~28        ; Stuck at GND due to stuck port clock ;
; card_selector:u_sel|card_map~29        ; Stuck at GND due to stuck port clock ;
; card_selector:u_sel|card_map~30        ; Stuck at GND due to stuck port clock ;
; card_selector:u_sel|card_map~31        ; Stuck at GND due to stuck port clock ;
; card_selector:u_sel|card_map~32        ; Stuck at GND due to stuck port clock ;
; card_selector:u_sel|card_map~33        ; Stuck at GND due to stuck port clock ;
; card_selector:u_sel|card_map~34        ; Stuck at GND due to stuck port clock ;
; card_selector:u_sel|card_map~35        ; Stuck at GND due to stuck port clock ;
; card_selector:u_sel|card_map~36        ; Stuck at GND due to stuck port clock ;
; card_selector:u_sel|card_map~37        ; Stuck at GND due to stuck port clock ;
; card_selector:u_sel|card_map~38        ; Stuck at GND due to stuck port clock ;
; card_selector:u_sel|card_map~39        ; Stuck at GND due to stuck port clock ;
; card_selector:u_sel|card_map~40        ; Stuck at GND due to stuck port clock ;
; card_selector:u_sel|card_map~41        ; Stuck at GND due to stuck port clock ;
; card_selector:u_sel|card_map~42        ; Stuck at GND due to stuck port clock ;
; card_selector:u_sel|card_map~43        ; Stuck at GND due to stuck port clock ;
; card_selector:u_sel|card_map~44        ; Stuck at GND due to stuck port clock ;
; card_selector:u_sel|card_map~45        ; Stuck at GND due to stuck port clock ;
; card_selector:u_sel|card_map~46        ; Stuck at GND due to stuck port clock ;
; card_selector:u_sel|card_map~47        ; Stuck at GND due to stuck port clock ;
; card_selector:u_sel|card_map~48        ; Stuck at GND due to stuck port clock ;
; card_selector:u_sel|card_map~49        ; Stuck at GND due to stuck port clock ;
; card_selector:u_sel|card_map~50        ; Stuck at GND due to stuck port clock ;
; card_selector:u_sel|card_map~51        ; Stuck at GND due to stuck port clock ;
; card_selector:u_sel|card_map~52        ; Stuck at GND due to stuck port clock ;
; card_selector:u_sel|card_map~53        ; Stuck at GND due to stuck port clock ;
; card_selector:u_sel|card_map~54        ; Stuck at GND due to stuck port clock ;
; card_selector:u_sel|card_map~55        ; Stuck at GND due to stuck port clock ;
; card_selector:u_sel|card_map~56        ; Stuck at GND due to stuck port clock ;
; card_selector:u_sel|card_map~57        ; Stuck at GND due to stuck port clock ;
; card_selector:u_sel|card_map~58        ; Stuck at GND due to stuck port clock ;
; card_selector:u_sel|card_map~59        ; Stuck at GND due to stuck port clock ;
; card_selector:u_sel|card_map~60        ; Stuck at GND due to stuck port clock ;
; card_selector:u_sel|card_map~61        ; Stuck at GND due to stuck port clock ;
; card_selector:u_sel|card_map~62        ; Stuck at GND due to stuck port clock ;
; card_selector:u_sel|card_map~63        ; Stuck at GND due to stuck port clock ;
; Total Number of Removed Registers = 67 ;                                      ;
+----------------------------------------+--------------------------------------+


+------------------------------------------------------+
; General Register Statistics                          ;
+----------------------------------------------+-------+
; Statistic                                    ; Value ;
+----------------------------------------------+-------+
; Total registers                              ; 195   ;
; Number of registers using Synchronous Clear  ; 110   ;
; Number of registers using Synchronous Load   ; 8     ;
; Number of registers using Asynchronous Clear ; 172   ;
; Number of registers using Asynchronous Load  ; 0     ;
; Number of registers using Clock Enable       ; 69    ;
; Number of registers using Preset             ; 0     ;
+----------------------------------------------+-------+


+---------------------------------------------------+
; Inverted Register Statistics                      ;
+-----------------------------------------+---------+
; Inverted Register                       ; Fan out ;
+-----------------------------------------+---------+
; counter_15s:u_cnt|count[3]              ; 4       ;
; counter_15s:u_cnt|count[2]              ; 4       ;
; counter_15s:u_cnt|count[1]              ; 4       ;
; counter_15s:u_cnt|count[0]              ; 4       ;
; auto_selector:u_auto_sel|lfsr[0]        ; 43      ;
; auto_selector:u_auto_sel|lfsr[15]       ; 1       ;
; auto_selector:u_auto_sel|lfsr[13]       ; 2       ;
; auto_selector:u_auto_sel|lfsr[10]       ; 2       ;
; auto_selector:u_auto_sel|lfsr[11]       ; 1       ;
; auto_selector:u_auto_sel|lfsr[7]        ; 1       ;
; auto_selector:u_auto_sel|lfsr[6]        ; 1       ;
; auto_selector:u_auto_sel|lfsr[5]        ; 1       ;
; Total number of inverted registers = 12 ;         ;
+-----------------------------------------+---------+


+--------------------------------------------------------------------------------------------------------------------------------------------------------------------------+
; Multiplexer Restructuring Statistics (Restructuring Performed)                                                                                                           ;
+--------------------+-----------+---------------+----------------------+------------------------+------------+------------------------------------------------------------+
; Multiplexer Inputs ; Bus Width ; Baseline Area ; Area if Restructured ; Saving if Restructured ; Registered ; Example Multiplexer Output                                 ;
+--------------------+-----------+---------------+----------------------+------------------------+------------+------------------------------------------------------------+
; 3:1                ; 10 bits   ; 20 LEs        ; 0 LEs                ; 20 LEs                 ; Yes        ; |top_lab3_avance|vga_timing_640x480:u_ctrl|hcnt[0]         ;
; 3:1                ; 2 bits    ; 4 LEs         ; 2 LEs                ; 2 LEs                  ; Yes        ; |top_lab3_avance|card_selector:u_sel|stored_bottom[7]      ;
; 3:1                ; 2 bits    ; 4 LEs         ; 2 LEs                ; 2 LEs                  ; Yes        ; |top_lab3_avance|card_selector:u_sel|stored_top[6]         ;
; 3:1                ; 2 bits    ; 4 LEs         ; 2 LEs                ; 2 LEs                  ; Yes        ; |top_lab3_avance|card_selector:u_sel|stored_bottom[5]      ;
; 3:1                ; 2 bits    ; 4 LEs         ; 2 LEs                ; 2 LEs                  ; Yes        ; |top_lab3_avance|card_selector:u_sel|stored_bottom[4]      ;
; 3:1                ; 2 bits    ; 4 LEs         ; 2 LEs                ; 2 LEs                  ; Yes        ; |top_lab3_avance|card_selector:u_sel|stored_bottom[3]      ;
; 3:1                ; 2 bits    ; 4 LEs         ; 2 LEs                ; 2 LEs                  ; Yes        ; |top_lab3_avance|card_selector:u_sel|stored_top[2]         ;
; 3:1                ; 2 bits    ; 4 LEs         ; 2 LEs                ; 2 LEs                  ; Yes        ; |top_lab3_avance|card_selector:u_sel|stored_bottom[1]      ;
; 3:1                ; 2 bits    ; 4 LEs         ; 2 LEs                ; 2 LEs                  ; Yes        ; |top_lab3_avance|card_selector:u_sel|stored_top[0]         ;
; 3:1                ; 2 bits    ; 4 LEs         ; 4 LEs                ; 0 LEs                  ; Yes        ; |top_lab3_avance|gen_pixclk:u_pix|cnt[-1]                  ;
; 4:1                ; 10 bits   ; 20 LEs        ; 0 LEs                ; 20 LEs                 ; Yes        ; |top_lab3_avance|vga_timing_640x480:u_ctrl|vcnt[6]         ;
; 20:1               ; 8 bits    ; 104 LEs       ; 32 LEs               ; 72 LEs                 ; Yes        ; |top_lab3_avance|auto_selector:u_auto_sel|selected_mask[0] ;
; 3:1                ; 2 bits    ; 4 LEs         ; 4 LEs                ; 0 LEs                  ; No         ; |top_lab3_avance|videoGen:u_vid|g[4]                       ;
; 4:1                ; 8 bits    ; 16 LEs        ; 16 LEs               ; 0 LEs                  ; No         ; |top_lab3_avance|auto_selector:u_auto_sel|Mux0             ;
; 4:1                ; 8 bits    ; 16 LEs        ; 16 LEs               ; 0 LEs                  ; No         ; |top_lab3_avance|auto_selector:u_auto_sel|Mux1             ;
; 4:1                ; 2 bits    ; 4 LEs         ; 4 LEs                ; 0 LEs                  ; No         ; |top_lab3_avance|videoGen:u_vid|r[0]                       ;
; 4:1                ; 2 bits    ; 4 LEs         ; 4 LEs                ; 0 LEs                  ; No         ; |top_lab3_avance|videoGen:u_vid|b[4]                       ;
; 3:1                ; 2 bits    ; 4 LEs         ; 4 LEs                ; 0 LEs                  ; No         ; |top_lab3_avance|videoGen:u_vid|r                          ;
; 5:1                ; 2 bits    ; 6 LEs         ; 6 LEs                ; 0 LEs                  ; No         ; |top_lab3_avance|card_selector:u_sel|card_map.raddr_b[2]   ;
; 5:1                ; 3 bits    ; 9 LEs         ; 9 LEs                ; 0 LEs                  ; No         ; |top_lab3_avance|videoGen:u_vid|font_row_index[1]          ;
; 6:1                ; 3 bits    ; 12 LEs        ; 12 LEs               ; 0 LEs                  ; No         ; |top_lab3_avance|videoGen:u_vid|b[6]                       ;
; 16:1               ; 2 bits    ; 20 LEs        ; 20 LEs               ; 0 LEs                  ; No         ; |top_lab3_avance|videoGen:u_vid|selected_now               ;
; 12:1               ; 5 bits    ; 40 LEs        ; 30 LEs               ; 10 LEs                 ; No         ; |top_lab3_avance|fsm_game:u_fsm|next.WIN                   ;
; 13:1               ; 2 bits    ; 16 LEs        ; 10 LEs               ; 6 LEs                  ; No         ; |top_lab3_avance|fsm_game:u_fsm|next.TURN_ACTIVE           ;
; 19:1               ; 2 bits    ; 24 LEs        ; 24 LEs               ; 0 LEs                  ; No         ; |top_lab3_avance|videoGen:u_vid|char_code[3]               ;
+--------------------+-----------+---------------+----------------------+------------------------+------------+------------------------------------------------------------+


+--------------------------------------------------------------+
; Parameter Settings for User Entity Instance: tick_1hz:u_tick ;
+----------------+----------+----------------------------------+
; Parameter Name ; Value    ; Type                             ;
+----------------+----------+----------------------------------+
; SYS_CLK_HZ     ; 50000000 ; Signed Integer                   ;
+----------------+----------+----------------------------------+
Note: In order to hide this table in the UI and the text report file, please set the "Show Parameter Settings in Synthesis Report" option in "Analysis and Synthesis Settings -> More Settings" to "Off".


+---------------------------------------------------------------+
; Parameter Settings for User Entity Instance: gen_pixclk:u_pix ;
+----------------+----------+-----------------------------------+
; Parameter Name ; Value    ; Type                              ;
+----------------+----------+-----------------------------------+
; SYS_CLK_HZ     ; 50000000 ; Signed Integer                    ;
; PIX_CLK_HZ     ; 25000000 ; Signed Integer                    ;
+----------------+----------+-----------------------------------+
Note: In order to hide this table in the UI and the text report file, please set the "Show Parameter Settings in Synthesis Report" option in "Analysis and Synthesis Settings -> More Settings" to "Off".


+------------------------------------------------------------------------+
; Parameter Settings for User Entity Instance: vga_timing_640x480:u_ctrl ;
+----------------+------------+------------------------------------------+
; Parameter Name ; Value      ; Type                                     ;
+----------------+------------+------------------------------------------+
; HACTIVE        ; 1010000000 ; Unsigned Binary                          ;
; HFP            ; 0000010000 ; Unsigned Binary                          ;
; HSYN           ; 0001100000 ; Unsigned Binary                          ;
; HBP            ; 0000110000 ; Unsigned Binary                          ;
; HMAX           ; 1100100000 ; Unsigned Binary                          ;
; VACTIVE        ; 0111100000 ; Unsigned Binary                          ;
; VFP            ; 0000001010 ; Unsigned Binary                          ;
; VSYN           ; 0000000010 ; Unsigned Binary                          ;
; VBP            ; 0000100001 ; Unsigned Binary                          ;
; VMAX           ; 1000001101 ; Unsigned Binary                          ;
+----------------+------------+------------------------------------------+
Note: In order to hide this table in the UI and the text report file, please set the "Show Parameter Settings in Synthesis Report" option in "Analysis and Synthesis Settings -> More Settings" to "Off".


+---------------------------------------------------------------------------------+
; Parameter Settings for Inferred Entity Instance: videoGen:u_vid|lpm_divide:Mod0 ;
+------------------------+----------------+---------------------------------------+
; Parameter Name         ; Value          ; Type                                  ;
+------------------------+----------------+---------------------------------------+
; LPM_WIDTHN             ; 10             ; Untyped                               ;
; LPM_WIDTHD             ; 7              ; Untyped                               ;
; LPM_NREPRESENTATION    ; UNSIGNED       ; Untyped                               ;
; LPM_DREPRESENTATION    ; UNSIGNED       ; Untyped                               ;
; LPM_PIPELINE           ; 0              ; Untyped                               ;
; LPM_REMAINDERPOSITIVE  ; TRUE           ; Untyped                               ;
; MAXIMIZE_SPEED         ; 5              ; Untyped                               ;
; CBXI_PARAMETER         ; lpm_divide_k3m ; Untyped                               ;
; CARRY_CHAIN            ; MANUAL         ; Untyped                               ;
; OPTIMIZE_FOR_SPEED     ; 5              ; Untyped                               ;
; AUTO_CARRY_CHAINS      ; ON             ; AUTO_CARRY                            ;
; IGNORE_CARRY_BUFFERS   ; OFF            ; IGNORE_CARRY                          ;
; AUTO_CASCADE_CHAINS    ; ON             ; AUTO_CASCADE                          ;
; IGNORE_CASCADE_BUFFERS ; OFF            ; IGNORE_CASCADE                        ;
+------------------------+----------------+---------------------------------------+
Note: In order to hide this table in the UI and the text report file, please set the "Show Parameter Settings in Synthesis Report" option in "Analysis and Synthesis Settings -> More Settings" to "Off".


+---------------------------------------------------------------------------------+
; Parameter Settings for Inferred Entity Instance: videoGen:u_vid|lpm_divide:Mod1 ;
+------------------------+----------------+---------------------------------------+
; Parameter Name         ; Value          ; Type                                  ;
+------------------------+----------------+---------------------------------------+
; LPM_WIDTHN             ; 10             ; Untyped                               ;
; LPM_WIDTHD             ; 7              ; Untyped                               ;
; LPM_NREPRESENTATION    ; UNSIGNED       ; Untyped                               ;
; LPM_DREPRESENTATION    ; UNSIGNED       ; Untyped                               ;
; LPM_PIPELINE           ; 0              ; Untyped                               ;
; LPM_REMAINDERPOSITIVE  ; TRUE           ; Untyped                               ;
; MAXIMIZE_SPEED         ; 5              ; Untyped                               ;
; CBXI_PARAMETER         ; lpm_divide_k3m ; Untyped                               ;
; CARRY_CHAIN            ; MANUAL         ; Untyped                               ;
; OPTIMIZE_FOR_SPEED     ; 5              ; Untyped                               ;
; AUTO_CARRY_CHAINS      ; ON             ; AUTO_CARRY                            ;
; IGNORE_CARRY_BUFFERS   ; OFF            ; IGNORE_CARRY                          ;
; AUTO_CASCADE_CHAINS    ; ON             ; AUTO_CASCADE                          ;
; IGNORE_CASCADE_BUFFERS ; OFF            ; IGNORE_CASCADE                        ;
+------------------------+----------------+---------------------------------------+
Note: In order to hide this table in the UI and the text report file, please set the "Show Parameter Settings in Synthesis Report" option in "Analysis and Synthesis Settings -> More Settings" to "Off".


+---------------------------------------------------------------------------------+
; Parameter Settings for Inferred Entity Instance: videoGen:u_vid|lpm_divide:Mod2 ;
+------------------------+----------------+---------------------------------------+
; Parameter Name         ; Value          ; Type                                  ;
+------------------------+----------------+---------------------------------------+
; LPM_WIDTHN             ; 8              ; Untyped                               ;
; LPM_WIDTHD             ; 5              ; Untyped                               ;
; LPM_NREPRESENTATION    ; UNSIGNED       ; Untyped                               ;
; LPM_DREPRESENTATION    ; UNSIGNED       ; Untyped                               ;
; LPM_PIPELINE           ; 0              ; Untyped                               ;
; LPM_REMAINDERPOSITIVE  ; TRUE           ; Untyped                               ;
; MAXIMIZE_SPEED         ; 5              ; Untyped                               ;
; CBXI_PARAMETER         ; lpm_divide_92m ; Untyped                               ;
; CARRY_CHAIN            ; MANUAL         ; Untyped                               ;
; OPTIMIZE_FOR_SPEED     ; 5              ; Untyped                               ;
; AUTO_CARRY_CHAINS      ; ON             ; AUTO_CARRY                            ;
; IGNORE_CARRY_BUFFERS   ; OFF            ; IGNORE_CARRY                          ;
; AUTO_CASCADE_CHAINS    ; ON             ; AUTO_CASCADE                          ;
; IGNORE_CASCADE_BUFFERS ; OFF            ; IGNORE_CASCADE                        ;
+------------------------+----------------+---------------------------------------+
Note: In order to hide this table in the UI and the text report file, please set the "Show Parameter Settings in Synthesis Report" option in "Analysis and Synthesis Settings -> More Settings" to "Off".


+---------------------------------------------------------------------------------+
; Parameter Settings for Inferred Entity Instance: videoGen:u_vid|lpm_divide:Div0 ;
+------------------------+----------------+---------------------------------------+
; Parameter Name         ; Value          ; Type                                  ;
+------------------------+----------------+---------------------------------------+
; LPM_WIDTHN             ; 10             ; Untyped                               ;
; LPM_WIDTHD             ; 7              ; Untyped                               ;
; LPM_NREPRESENTATION    ; UNSIGNED       ; Untyped                               ;
; LPM_DREPRESENTATION    ; UNSIGNED       ; Untyped                               ;
; LPM_PIPELINE           ; 0              ; Untyped                               ;
; LPM_REMAINDERPOSITIVE  ; TRUE           ; Untyped                               ;
; MAXIMIZE_SPEED         ; 5              ; Untyped                               ;
; CBXI_PARAMETER         ; lpm_divide_hbm ; Untyped                               ;
; CARRY_CHAIN            ; MANUAL         ; Untyped                               ;
; OPTIMIZE_FOR_SPEED     ; 5              ; Untyped                               ;
; AUTO_CARRY_CHAINS      ; ON             ; AUTO_CARRY                            ;
; IGNORE_CARRY_BUFFERS   ; OFF            ; IGNORE_CARRY                          ;
; AUTO_CASCADE_CHAINS    ; ON             ; AUTO_CASCADE                          ;
; IGNORE_CASCADE_BUFFERS ; OFF            ; IGNORE_CASCADE                        ;
+------------------------+----------------+---------------------------------------+
Note: In order to hide this table in the UI and the text report file, please set the "Show Parameter Settings in Synthesis Report" option in "Analysis and Synthesis Settings -> More Settings" to "Off".


+---------------------------------------------------------------------------------+
; Parameter Settings for Inferred Entity Instance: videoGen:u_vid|lpm_divide:Div1 ;
+------------------------+----------------+---------------------------------------+
; Parameter Name         ; Value          ; Type                                  ;
+------------------------+----------------+---------------------------------------+
; LPM_WIDTHN             ; 10             ; Untyped                               ;
; LPM_WIDTHD             ; 7              ; Untyped                               ;
; LPM_NREPRESENTATION    ; UNSIGNED       ; Untyped                               ;
; LPM_DREPRESENTATION    ; UNSIGNED       ; Untyped                               ;
; LPM_PIPELINE           ; 0              ; Untyped                               ;
; LPM_REMAINDERPOSITIVE  ; TRUE           ; Untyped                               ;
; MAXIMIZE_SPEED         ; 5              ; Untyped                               ;
; CBXI_PARAMETER         ; lpm_divide_hbm ; Untyped                               ;
; CARRY_CHAIN            ; MANUAL         ; Untyped                               ;
; OPTIMIZE_FOR_SPEED     ; 5              ; Untyped                               ;
; AUTO_CARRY_CHAINS      ; ON             ; AUTO_CARRY                            ;
; IGNORE_CARRY_BUFFERS   ; OFF            ; IGNORE_CARRY                          ;
; AUTO_CASCADE_CHAINS    ; ON             ; AUTO_CASCADE                          ;
; IGNORE_CASCADE_BUFFERS ; OFF            ; IGNORE_CASCADE                        ;
+------------------------+----------------+---------------------------------------+
Note: In order to hide this table in the UI and the text report file, please set the "Show Parameter Settings in Synthesis Report" option in "Analysis and Synthesis Settings -> More Settings" to "Off".


+---------------------------------------------------------------------------------+
; Parameter Settings for Inferred Entity Instance: videoGen:u_vid|lpm_divide:Div2 ;
+------------------------+----------------+---------------------------------------+
; Parameter Name         ; Value          ; Type                                  ;
+------------------------+----------------+---------------------------------------+
; LPM_WIDTHN             ; 7              ; Untyped                               ;
; LPM_WIDTHD             ; 4              ; Untyped                               ;
; LPM_NREPRESENTATION    ; UNSIGNED       ; Untyped                               ;
; LPM_DREPRESENTATION    ; UNSIGNED       ; Untyped                               ;
; LPM_PIPELINE           ; 0              ; Untyped                               ;
; LPM_REMAINDERPOSITIVE  ; TRUE           ; Untyped                               ;
; MAXIMIZE_SPEED         ; 5              ; Untyped                               ;
; CBXI_PARAMETER         ; lpm_divide_4am ; Untyped                               ;
; CARRY_CHAIN            ; MANUAL         ; Untyped                               ;
; OPTIMIZE_FOR_SPEED     ; 5              ; Untyped                               ;
; AUTO_CARRY_CHAINS      ; ON             ; AUTO_CARRY                            ;
; IGNORE_CARRY_BUFFERS   ; OFF            ; IGNORE_CARRY                          ;
; AUTO_CASCADE_CHAINS    ; ON             ; AUTO_CASCADE                          ;
; IGNORE_CASCADE_BUFFERS ; OFF            ; IGNORE_CASCADE                        ;
+------------------------+----------------+---------------------------------------+
Note: In order to hide this table in the UI and the text report file, please set the "Show Parameter Settings in Synthesis Report" option in "Analysis and Synthesis Settings -> More Settings" to "Off".


+---------------------------------------------------------------------------------+
; Parameter Settings for Inferred Entity Instance: videoGen:u_vid|lpm_divide:Div3 ;
+------------------------+----------------+---------------------------------------+
; Parameter Name         ; Value          ; Type                                  ;
+------------------------+----------------+---------------------------------------+
; LPM_WIDTHN             ; 7              ; Untyped                               ;
; LPM_WIDTHD             ; 4              ; Untyped                               ;
; LPM_NREPRESENTATION    ; UNSIGNED       ; Untyped                               ;
; LPM_DREPRESENTATION    ; UNSIGNED       ; Untyped                               ;
; LPM_PIPELINE           ; 0              ; Untyped                               ;
; LPM_REMAINDERPOSITIVE  ; TRUE           ; Untyped                               ;
; MAXIMIZE_SPEED         ; 5              ; Untyped                               ;
; CBXI_PARAMETER         ; lpm_divide_4am ; Untyped                               ;
; CARRY_CHAIN            ; MANUAL         ; Untyped                               ;
; OPTIMIZE_FOR_SPEED     ; 5              ; Untyped                               ;
; AUTO_CARRY_CHAINS      ; ON             ; AUTO_CARRY                            ;
; IGNORE_CARRY_BUFFERS   ; OFF            ; IGNORE_CARRY                          ;
; AUTO_CASCADE_CHAINS    ; ON             ; AUTO_CASCADE                          ;
; IGNORE_CASCADE_BUFFERS ; OFF            ; IGNORE_CASCADE                        ;
+------------------------+----------------+---------------------------------------+
Note: In order to hide this table in the UI and the text report file, please set the "Show Parameter Settings in Synthesis Report" option in "Analysis and Synthesis Settings -> More Settings" to "Off".


+---------------------------------------------------------------------------------+
; Parameter Settings for Inferred Entity Instance: videoGen:u_vid|lpm_divide:Mod3 ;
+------------------------+----------------+---------------------------------------+
; Parameter Name         ; Value          ; Type                                  ;
+------------------------+----------------+---------------------------------------+
; LPM_WIDTHN             ; 14             ; Untyped                               ;
; LPM_WIDTHD             ; 6              ; Untyped                               ;
; LPM_NREPRESENTATION    ; UNSIGNED       ; Untyped                               ;
; LPM_DREPRESENTATION    ; UNSIGNED       ; Untyped                               ;
; LPM_PIPELINE           ; 0              ; Untyped                               ;
; LPM_REMAINDERPOSITIVE  ; TRUE           ; Untyped                               ;
; MAXIMIZE_SPEED         ; 5              ; Untyped                               ;
; CBXI_PARAMETER         ; lpm_divide_n3m ; Untyped                               ;
; CARRY_CHAIN            ; MANUAL         ; Untyped                               ;
; OPTIMIZE_FOR_SPEED     ; 5              ; Untyped                               ;
; AUTO_CARRY_CHAINS      ; ON             ; AUTO_CARRY                            ;
; IGNORE_CARRY_BUFFERS   ; OFF            ; IGNORE_CARRY                          ;
; AUTO_CASCADE_CHAINS    ; ON             ; AUTO_CASCADE                          ;
; IGNORE_CASCADE_BUFFERS ; OFF            ; IGNORE_CASCADE                        ;
+------------------------+----------------+---------------------------------------+
Note: In order to hide this table in the UI and the text report file, please set the "Show Parameter Settings in Synthesis Report" option in "Analysis and Synthesis Settings -> More Settings" to "Off".


+---------------------------------------------------------------------------------+
; Parameter Settings for Inferred Entity Instance: videoGen:u_vid|lpm_divide:Mod4 ;
+------------------------+----------------+---------------------------------------+
; Parameter Name         ; Value          ; Type                                  ;
+------------------------+----------------+---------------------------------------+
; LPM_WIDTHN             ; 9              ; Untyped                               ;
; LPM_WIDTHD             ; 5              ; Untyped                               ;
; LPM_NREPRESENTATION    ; UNSIGNED       ; Untyped                               ;
; LPM_DREPRESENTATION    ; UNSIGNED       ; Untyped                               ;
; LPM_PIPELINE           ; 0              ; Untyped                               ;
; LPM_REMAINDERPOSITIVE  ; TRUE           ; Untyped                               ;
; MAXIMIZE_SPEED         ; 5              ; Untyped                               ;
; CBXI_PARAMETER         ; lpm_divide_a2m ; Untyped                               ;
; CARRY_CHAIN            ; MANUAL         ; Untyped                               ;
; OPTIMIZE_FOR_SPEED     ; 5              ; Untyped                               ;
; AUTO_CARRY_CHAINS      ; ON             ; AUTO_CARRY                            ;
; IGNORE_CARRY_BUFFERS   ; OFF            ; IGNORE_CARRY                          ;
; AUTO_CASCADE_CHAINS    ; ON             ; AUTO_CASCADE                          ;
; IGNORE_CASCADE_BUFFERS ; OFF            ; IGNORE_CASCADE                        ;
+------------------------+----------------+---------------------------------------+
Note: In order to hide this table in the UI and the text report file, please set the "Show Parameter Settings in Synthesis Report" option in "Analysis and Synthesis Settings -> More Settings" to "Off".


+------------------------------------------------------------------------------------+
; Parameter Settings for Inferred Entity Instance: counter_15s:u_cnt|lpm_divide:Mod0 ;
+------------------------+----------------+------------------------------------------+
; Parameter Name         ; Value          ; Type                                     ;
+------------------------+----------------+------------------------------------------+
; LPM_WIDTHN             ; 32             ; Untyped                                  ;
; LPM_WIDTHD             ; 5              ; Untyped                                  ;
; LPM_NREPRESENTATION    ; SIGNED         ; Untyped                                  ;
; LPM_DREPRESENTATION    ; SIGNED         ; Untyped                                  ;
; LPM_PIPELINE           ; 0              ; Untyped                                  ;
; LPM_REMAINDERPOSITIVE  ; FALSE          ; Untyped                                  ;
; MAXIMIZE_SPEED         ; 5              ; Untyped                                  ;
; CBXI_PARAMETER         ; lpm_divide_eho ; Untyped                                  ;
; CARRY_CHAIN            ; MANUAL         ; Untyped                                  ;
; OPTIMIZE_FOR_SPEED     ; 5              ; Untyped                                  ;
; AUTO_CARRY_CHAINS      ; ON             ; AUTO_CARRY                               ;
; IGNORE_CARRY_BUFFERS   ; OFF            ; IGNORE_CARRY                             ;
; AUTO_CASCADE_CHAINS    ; ON             ; AUTO_CASCADE                             ;
; IGNORE_CASCADE_BUFFERS ; OFF            ; IGNORE_CASCADE                           ;
+------------------------+----------------+------------------------------------------+
Note: In order to hide this table in the UI and the text report file, please set the "Show Parameter Settings in Synthesis Report" option in "Analysis and Synthesis Settings -> More Settings" to "Off".


+------------------------------------------------------------------------------------+
; Parameter Settings for Inferred Entity Instance: counter_15s:u_cnt|lpm_divide:Div0 ;
+------------------------+----------------+------------------------------------------+
; Parameter Name         ; Value          ; Type                                     ;
+------------------------+----------------+------------------------------------------+
; LPM_WIDTHN             ; 32             ; Untyped                                  ;
; LPM_WIDTHD             ; 5              ; Untyped                                  ;
; LPM_NREPRESENTATION    ; SIGNED         ; Untyped                                  ;
; LPM_DREPRESENTATION    ; SIGNED         ; Untyped                                  ;
; LPM_PIPELINE           ; 0              ; Untyped                                  ;
; LPM_REMAINDERPOSITIVE  ; FALSE          ; Untyped                                  ;
; MAXIMIZE_SPEED         ; 5              ; Untyped                                  ;
; CBXI_PARAMETER         ; lpm_divide_bpo ; Untyped                                  ;
; CARRY_CHAIN            ; MANUAL         ; Untyped                                  ;
; OPTIMIZE_FOR_SPEED     ; 5              ; Untyped                                  ;
; AUTO_CARRY_CHAINS      ; ON             ; AUTO_CARRY                               ;
; IGNORE_CARRY_BUFFERS   ; OFF            ; IGNORE_CARRY                             ;
; AUTO_CASCADE_CHAINS    ; ON             ; AUTO_CASCADE                             ;
; IGNORE_CASCADE_BUFFERS ; OFF            ; IGNORE_CASCADE                           ;
+------------------------+----------------+------------------------------------------+
Note: In order to hide this table in the UI and the text report file, please set the "Show Parameter Settings in Synthesis Report" option in "Analysis and Synthesis Settings -> More Settings" to "Off".


+------------------------------------------------------------------------------------------------------------------------+
; Port Connectivity Checks: "fsm_game:u_fsm"                                                                             ;
+--------------+--------+----------+-------------------------------------------------------------------------------------+
; Port         ; Type   ; Severity ; Details                                                                             ;
+--------------+--------+----------+-------------------------------------------------------------------------------------+
; enable_input ; Output ; Info     ; Connected to dangling logic. Logic that only feeds a dangling port will be removed. ;
+--------------+--------+----------+-------------------------------------------------------------------------------------+


+-------------------------------------------------+
; Port Connectivity Checks: "card_selector:u_sel" ;
+-------+-------+----------+----------------------+
; Port  ; Type  ; Severity ; Details              ;
+-------+-------+----------+----------------------+
; sw[9] ; Input ; Info     ; Stuck at GND         ;
+-------+-------+----------+----------------------+


+-------------------------------------------------------------------------------------------------------------------------+
; Port Connectivity Checks: "auto_selector:u_auto_sel"                                                                    ;
+---------------+--------+----------+-------------------------------------------------------------------------------------+
; Port          ; Type   ; Severity ; Details                                                                             ;
+---------------+--------+----------+-------------------------------------------------------------------------------------+
; sw_auto[9..8] ; Output ; Info     ; Connected to dangling logic. Logic that only feeds a dangling port will be removed. ;
+---------------+--------+----------+-------------------------------------------------------------------------------------+


+-----------------------------------------------------+
; Post-Synthesis Netlist Statistics for Top Partition ;
+-----------------------+-----------------------------+
; Type                  ; Count                       ;
+-----------------------+-----------------------------+
; arriav_ff             ; 195                         ;
;     CLR               ; 61                          ;
;     CLR SCLR          ; 52                          ;
;     ENA CLR           ; 23                          ;
;     ENA CLR SCLR      ; 28                          ;
;     ENA CLR SCLR SLD  ; 8                           ;
;     ENA SCLR          ; 10                          ;
;     SCLR              ; 12                          ;
;     plain             ; 1                           ;
; arriav_lcell_comb     ; 2152                        ;
;     arith             ; 958                         ;
;         0 data inputs ; 186                         ;
;         1 data inputs ; 213                         ;
;         2 data inputs ; 98                          ;
;         3 data inputs ; 227                         ;
;         4 data inputs ; 234                         ;
;     extend            ; 8                           ;
;         7 data inputs ; 8                           ;
;     normal            ; 1117                        ;
;         0 data inputs ; 1                           ;
;         1 data inputs ; 12                          ;
;         2 data inputs ; 486                         ;
;         3 data inputs ; 188                         ;
;         4 data inputs ; 198                         ;
;         5 data inputs ; 88                          ;
;         6 data inputs ; 144                         ;
;     shared            ; 69                          ;
;         0 data inputs ; 10                          ;
;         1 data inputs ; 52                          ;
;         2 data inputs ; 3                           ;
;         4 data inputs ; 4                           ;
; arriav_mac            ; 1                           ;
; boundary_port         ; 72                          ;
;                       ;                             ;
; Max LUT depth         ; 52.30                       ;
; Average LUT depth     ; 28.24                       ;
+-----------------------+-----------------------------+


+-------------------------------+
; Elapsed Time Per Partition    ;
+----------------+--------------+
; Partition Name ; Elapsed Time ;
+----------------+--------------+
; Top            ; 00:00:04     ;
+----------------+--------------+


+-------------------------------+
; Analysis & Synthesis Messages ;
+-------------------------------+
Info: *******************************************************************
Info: Running Quartus Prime Analysis & Synthesis
    Info: Version 22.1std.0 Build 915 10/25/2022 SC Lite Edition
    Info: Processing started: Thu Oct  9 20:52:56 2025
Info: Command: quartus_map --read_settings_files=on --write_settings_files=off Problema1_Lab3 -c Problema1_Lab3
Warning (18236): Number of processors has not been specified which may cause overloading on shared machines.  Set the global assignment NUM_PARALLEL_PROCESSORS in your QSF to an appropriate value for best performance.
Info (20030): Parallel compilation is enabled and will use 4 of the 4 processors detected
Info (12021): Found 1 design units, including 1 entities, in source file vga_timing_640x480.sv
    Info (12023): Found entity 1: vga_timing_640x480 File: C:/Users/ema08/OneDrive - Estudiantes ITCR/Escritorio/Taller de diseno/erojas__gfernandez_digital_design_lab_2025/Laboratorio3/vga_timing_640x480.sv Line: 3
Info (12021): Found 1 design units, including 1 entities, in source file videogen.sv
    Info (12023): Found entity 1: videoGen File: C:/Users/ema08/OneDrive - Estudiantes ITCR/Escritorio/Taller de diseno/erojas__gfernandez_digital_design_lab_2025/Laboratorio3/videoGen.sv Line: 1
Info (12021): Found 1 design units, including 1 entities, in source file top_lab3_avance.sv
    Info (12023): Found entity 1: top_lab3_avance File: C:/Users/ema08/OneDrive - Estudiantes ITCR/Escritorio/Taller de diseno/erojas__gfernandez_digital_design_lab_2025/Laboratorio3/top_lab3_avance.sv Line: 13
Info (12021): Found 1 design units, including 1 entities, in source file gen_pixclk.sv
    Info (12023): Found entity 1: gen_pixclk File: C:/Users/ema08/OneDrive - Estudiantes ITCR/Escritorio/Taller de diseno/erojas__gfernandez_digital_design_lab_2025/Laboratorio3/gen_pixclk.sv Line: 1
Info (12021): Found 1 design units, including 1 entities, in source file tick_1hz.sv
    Info (12023): Found entity 1: tick_1hz File: C:/Users/ema08/OneDrive - Estudiantes ITCR/Escritorio/Taller de diseno/erojas__gfernandez_digital_design_lab_2025/Laboratorio3/tick_1hz.sv Line: 2
Info (12021): Found 1 design units, including 1 entities, in source file counter_15s.sv
    Info (12023): Found entity 1: counter_15s File: C:/Users/ema08/OneDrive - Estudiantes ITCR/Escritorio/Taller de diseno/erojas__gfernandez_digital_design_lab_2025/Laboratorio3/counter_15s.sv Line: 3
Info (12021): Found 1 design units, including 1 entities, in source file digit_rom.sv
    Info (12023): Found entity 1: digit_rom File: C:/Users/ema08/OneDrive - Estudiantes ITCR/Escritorio/Taller de diseno/erojas__gfernandez_digital_design_lab_2025/Laboratorio3/digit_rom.sv Line: 2
Info (12021): Found 1 design units, including 1 entities, in source file fsm_game.sv
    Info (12023): Found entity 1: fsm_game File: C:/Users/ema08/OneDrive - Estudiantes ITCR/Escritorio/Taller de diseno/erojas__gfernandez_digital_design_lab_2025/Laboratorio3/fsm_game.sv Line: 3
Info (12021): Found 1 design units, including 1 entities, in source file hex7seg.sv
    Info (12023): Found entity 1: hex7seg File: C:/Users/ema08/OneDrive - Estudiantes ITCR/Escritorio/Taller de diseno/erojas__gfernandez_digital_design_lab_2025/Laboratorio3/hex7seg.sv Line: 3
Info (12021): Found 0 design units, including 0 entities, in source file fsm.sv
Info (12021): Found 1 design units, including 1 entities, in source file fsm_tb.sv
    Info (12023): Found entity 1: fsm_tb File: C:/Users/ema08/OneDrive - Estudiantes ITCR/Escritorio/Taller de diseno/erojas__gfernandez_digital_design_lab_2025/Laboratorio3/fsm_tb.sv Line: 3
Info (12021): Found 1 design units, including 1 entities, in source file card_selector.sv
    Info (12023): Found entity 1: card_selector File: C:/Users/ema08/OneDrive - Estudiantes ITCR/Escritorio/Taller de diseno/erojas__gfernandez_digital_design_lab_2025/Laboratorio3/card_selector.sv Line: 7
Info (12021): Found 1 design units, including 1 entities, in source file card_comparator.sv
    Info (12023): Found entity 1: card_comparator File: C:/Users/ema08/OneDrive - Estudiantes ITCR/Escritorio/Taller de diseno/erojas__gfernandez_digital_design_lab_2025/Laboratorio3/card_comparator.sv Line: 2
Info (12021): Found 1 design units, including 1 entities, in source file turn_manger.sv
    Info (12023): Found entity 1: turn_manager File: C:/Users/ema08/OneDrive - Estudiantes ITCR/Escritorio/Taller de diseno/erojas__gfernandez_digital_design_lab_2025/Laboratorio3/turn_manger.sv Line: 2
Info (12021): Found 1 design units, including 1 entities, in source file random_gen.sv
    Info (12023): Found entity 1: random_gen File: C:/Users/ema08/OneDrive - Estudiantes ITCR/Escritorio/Taller de diseno/erojas__gfernandez_digital_design_lab_2025/Laboratorio3/random_gen.sv Line: 2
Info (12021): Found 1 design units, including 1 entities, in source file textrom.sv
    Info (12023): Found entity 1: textROM File: C:/Users/ema08/OneDrive - Estudiantes ITCR/Escritorio/Taller de diseno/erojas__gfernandez_digital_design_lab_2025/Laboratorio3/textROM.sv Line: 2
Info (12021): Found 1 design units, including 1 entities, in source file fsm_game_tb.sv
    Info (12023): Found entity 1: fsm_game_tb File: C:/Users/ema08/OneDrive - Estudiantes ITCR/Escritorio/Taller de diseno/erojas__gfernandez_digital_design_lab_2025/Laboratorio3/fsm_game_tb.sv Line: 5
Info (12021): Found 1 design units, including 1 entities, in source file auto_selector.sv
    Info (12023): Found entity 1: auto_selector File: C:/Users/ema08/OneDrive - Estudiantes ITCR/Escritorio/Taller de diseno/erojas__gfernandez_digital_design_lab_2025/Laboratorio3/auto_selector.sv Line: 11
Info (12127): Elaborating entity "top_lab3_avance" for the top level hierarchy
Warning (10230): Verilog HDL assignment warning at top_lab3_avance.sv(156): truncated value with size 32 to match size of target (4) File: C:/Users/ema08/OneDrive - Estudiantes ITCR/Escritorio/Taller de diseno/erojas__gfernandez_digital_design_lab_2025/Laboratorio3/top_lab3_avance.sv Line: 156
Warning (10230): Verilog HDL assignment warning at top_lab3_avance.sv(158): truncated value with size 32 to match size of target (4) File: C:/Users/ema08/OneDrive - Estudiantes ITCR/Escritorio/Taller de diseno/erojas__gfernandez_digital_design_lab_2025/Laboratorio3/top_lab3_avance.sv Line: 158
Info (12128): Elaborating entity "tick_1hz" for hierarchy "tick_1hz:u_tick" File: C:/Users/ema08/OneDrive - Estudiantes ITCR/Escritorio/Taller de diseno/erojas__gfernandez_digital_design_lab_2025/Laboratorio3/top_lab3_avance.sv Line: 46
Warning (10230): Verilog HDL assignment warning at tick_1hz.sv(25): truncated value with size 32 to match size of target (26) File: C:/Users/ema08/OneDrive - Estudiantes ITCR/Escritorio/Taller de diseno/erojas__gfernandez_digital_design_lab_2025/Laboratorio3/tick_1hz.sv Line: 25
Info (12128): Elaborating entity "counter_15s" for hierarchy "counter_15s:u_cnt" File: C:/Users/ema08/OneDrive - Estudiantes ITCR/Escritorio/Taller de diseno/erojas__gfernandez_digital_design_lab_2025/Laboratorio3/top_lab3_avance.sv Line: 62
Warning (10230): Verilog HDL assignment warning at counter_15s.sv(32): truncated value with size 32 to match size of target (4) File: C:/Users/ema08/OneDrive - Estudiantes ITCR/Escritorio/Taller de diseno/erojas__gfernandez_digital_design_lab_2025/Laboratorio3/counter_15s.sv Line: 32
Warning (10230): Verilog HDL assignment warning at counter_15s.sv(33): truncated value with size 32 to match size of target (4) File: C:/Users/ema08/OneDrive - Estudiantes ITCR/Escritorio/Taller de diseno/erojas__gfernandez_digital_design_lab_2025/Laboratorio3/counter_15s.sv Line: 33
Info (12128): Elaborating entity "auto_selector" for hierarchy "auto_selector:u_auto_sel" File: C:/Users/ema08/OneDrive - Estudiantes ITCR/Escritorio/Taller de diseno/erojas__gfernandez_digital_design_lab_2025/Laboratorio3/top_lab3_avance.sv Line: 82
Warning (10230): Verilog HDL assignment warning at auto_selector.sv(67): truncated value with size 32 to match size of target (3) File: C:/Users/ema08/OneDrive - Estudiantes ITCR/Escritorio/Taller de diseno/erojas__gfernandez_digital_design_lab_2025/Laboratorio3/auto_selector.sv Line: 67
Warning (10230): Verilog HDL assignment warning at auto_selector.sv(75): truncated value with size 32 to match size of target (3) File: C:/Users/ema08/OneDrive - Estudiantes ITCR/Escritorio/Taller de diseno/erojas__gfernandez_digital_design_lab_2025/Laboratorio3/auto_selector.sv Line: 75
Info (12128): Elaborating entity "card_selector" for hierarchy "card_selector:u_sel" File: C:/Users/ema08/OneDrive - Estudiantes ITCR/Escritorio/Taller de diseno/erojas__gfernandez_digital_design_lab_2025/Laboratorio3/top_lab3_avance.sv Line: 101
Warning (10030): Net "card_map.data_a" at card_selector.sv(25) has no driver or initial value, using a default initial value '0' File: C:/Users/ema08/OneDrive - Estudiantes ITCR/Escritorio/Taller de diseno/erojas__gfernandez_digital_design_lab_2025/Laboratorio3/card_selector.sv Line: 25
Warning (10030): Net "card_map.waddr_a" at card_selector.sv(25) has no driver or initial value, using a default initial value '0' File: C:/Users/ema08/OneDrive - Estudiantes ITCR/Escritorio/Taller de diseno/erojas__gfernandez_digital_design_lab_2025/Laboratorio3/card_selector.sv Line: 25
Warning (10030): Net "card_map.we_a" at card_selector.sv(25) has no driver or initial value, using a default initial value '0' File: C:/Users/ema08/OneDrive - Estudiantes ITCR/Escritorio/Taller de diseno/erojas__gfernandez_digital_design_lab_2025/Laboratorio3/card_selector.sv Line: 25
Info (12128): Elaborating entity "fsm_game" for hierarchy "fsm_game:u_fsm" File: C:/Users/ema08/OneDrive - Estudiantes ITCR/Escritorio/Taller de diseno/erojas__gfernandez_digital_design_lab_2025/Laboratorio3/top_lab3_avance.sv Line: 138
Warning (10230): Verilog HDL assignment warning at fsm_game.sv(43): truncated value with size 32 to match size of target (26) File: C:/Users/ema08/OneDrive - Estudiantes ITCR/Escritorio/Taller de diseno/erojas__gfernandez_digital_design_lab_2025/Laboratorio3/fsm_game.sv Line: 43
Info (12128): Elaborating entity "gen_pixclk" for hierarchy "gen_pixclk:u_pix" File: C:/Users/ema08/OneDrive - Estudiantes ITCR/Escritorio/Taller de diseno/erojas__gfernandez_digital_design_lab_2025/Laboratorio3/top_lab3_avance.sv Line: 168
Info (12128): Elaborating entity "vga_timing_640x480" for hierarchy "vga_timing_640x480:u_ctrl" File: C:/Users/ema08/OneDrive - Estudiantes ITCR/Escritorio/Taller de diseno/erojas__gfernandez_digital_design_lab_2025/Laboratorio3/top_lab3_avance.sv Line: 183
Info (12128): Elaborating entity "videoGen" for hierarchy "videoGen:u_vid" File: C:/Users/ema08/OneDrive - Estudiantes ITCR/Escritorio/Taller de diseno/erojas__gfernandez_digital_design_lab_2025/Laboratorio3/top_lab3_avance.sv Line: 205
Warning (10230): Verilog HDL assignment warning at videoGen.sv(120): truncated value with size 32 to match size of target (10) File: C:/Users/ema08/OneDrive - Estudiantes ITCR/Escritorio/Taller de diseno/erojas__gfernandez_digital_design_lab_2025/Laboratorio3/videoGen.sv Line: 120
Warning (10230): Verilog HDL assignment warning at videoGen.sv(121): truncated value with size 32 to match size of target (10) File: C:/Users/ema08/OneDrive - Estudiantes ITCR/Escritorio/Taller de diseno/erojas__gfernandez_digital_design_lab_2025/Laboratorio3/videoGen.sv Line: 121
Warning (10230): Verilog HDL assignment warning at videoGen.sv(170): truncated value with size 32 to match size of target (10) File: C:/Users/ema08/OneDrive - Estudiantes ITCR/Escritorio/Taller de diseno/erojas__gfernandez_digital_design_lab_2025/Laboratorio3/videoGen.sv Line: 170
Warning (10230): Verilog HDL assignment warning at videoGen.sv(171): truncated value with size 32 to match size of target (10) File: C:/Users/ema08/OneDrive - Estudiantes ITCR/Escritorio/Taller de diseno/erojas__gfernandez_digital_design_lab_2025/Laboratorio3/videoGen.sv Line: 171
Warning (10230): Verilog HDL assignment warning at videoGen.sv(188): truncated value with size 32 to match size of target (3) File: C:/Users/ema08/OneDrive - Estudiantes ITCR/Escritorio/Taller de diseno/erojas__gfernandez_digital_design_lab_2025/Laboratorio3/videoGen.sv Line: 188
Warning (10230): Verilog HDL assignment warning at videoGen.sv(196): truncated value with size 32 to match size of target (10) File: C:/Users/ema08/OneDrive - Estudiantes ITCR/Escritorio/Taller de diseno/erojas__gfernandez_digital_design_lab_2025/Laboratorio3/videoGen.sv Line: 196
Warning (10230): Verilog HDL assignment warning at videoGen.sv(197): truncated value with size 32 to match size of target (10) File: C:/Users/ema08/OneDrive - Estudiantes ITCR/Escritorio/Taller de diseno/erojas__gfernandez_digital_design_lab_2025/Laboratorio3/videoGen.sv Line: 197
Warning (10230): Verilog HDL assignment warning at videoGen.sv(210): truncated value with size 32 to match size of target (3) File: C:/Users/ema08/OneDrive - Estudiantes ITCR/Escritorio/Taller de diseno/erojas__gfernandez_digital_design_lab_2025/Laboratorio3/videoGen.sv Line: 210
Warning (10230): Verilog HDL assignment warning at videoGen.sv(221): truncated value with size 32 to match size of target (4) File: C:/Users/ema08/OneDrive - Estudiantes ITCR/Escritorio/Taller de diseno/erojas__gfernandez_digital_design_lab_2025/Laboratorio3/videoGen.sv Line: 221
Warning (10230): Verilog HDL assignment warning at videoGen.sv(222): truncated value with size 32 to match size of target (4) File: C:/Users/ema08/OneDrive - Estudiantes ITCR/Escritorio/Taller de diseno/erojas__gfernandez_digital_design_lab_2025/Laboratorio3/videoGen.sv Line: 222
Warning (10230): Verilog HDL assignment warning at videoGen.sv(223): truncated value with size 32 to match size of target (10) File: C:/Users/ema08/OneDrive - Estudiantes ITCR/Escritorio/Taller de diseno/erojas__gfernandez_digital_design_lab_2025/Laboratorio3/videoGen.sv Line: 223
Warning (10230): Verilog HDL assignment warning at videoGen.sv(224): truncated value with size 32 to match size of target (10) File: C:/Users/ema08/OneDrive - Estudiantes ITCR/Escritorio/Taller de diseno/erojas__gfernandez_digital_design_lab_2025/Laboratorio3/videoGen.sv Line: 224
Warning (10230): Verilog HDL assignment warning at videoGen.sv(225): truncated value with size 32 to match size of target (4) File: C:/Users/ema08/OneDrive - Estudiantes ITCR/Escritorio/Taller de diseno/erojas__gfernandez_digital_design_lab_2025/Laboratorio3/videoGen.sv Line: 225
Warning (10230): Verilog HDL assignment warning at videoGen.sv(232): truncated value with size 10 to match size of target (1) File: C:/Users/ema08/OneDrive - Estudiantes ITCR/Escritorio/Taller de diseno/erojas__gfernandez_digital_design_lab_2025/Laboratorio3/videoGen.sv Line: 232
Warning (10230): Verilog HDL assignment warning at videoGen.sv(234): truncated value with size 32 to match size of target (1) File: C:/Users/ema08/OneDrive - Estudiantes ITCR/Escritorio/Taller de diseno/erojas__gfernandez_digital_design_lab_2025/Laboratorio3/videoGen.sv Line: 234
Warning (10958): SystemVerilog warning at videoGen.sv(231): unique or priority keyword makes case statement complete File: C:/Users/ema08/OneDrive - Estudiantes ITCR/Escritorio/Taller de diseno/erojas__gfernandez_digital_design_lab_2025/Laboratorio3/videoGen.sv Line: 231
Warning (10030): Net "card_map.data_a" at videoGen.sv(50) has no driver or initial value, using a default initial value '0' File: C:/Users/ema08/OneDrive - Estudiantes ITCR/Escritorio/Taller de diseno/erojas__gfernandez_digital_design_lab_2025/Laboratorio3/videoGen.sv Line: 50
Warning (10030): Net "card_map.waddr_a" at videoGen.sv(50) has no driver or initial value, using a default initial value '0' File: C:/Users/ema08/OneDrive - Estudiantes ITCR/Escritorio/Taller de diseno/erojas__gfernandez_digital_design_lab_2025/Laboratorio3/videoGen.sv Line: 50
Warning (10030): Net "msg_j1.data_a" at videoGen.sv(102) has no driver or initial value, using a default initial value '0' File: C:/Users/ema08/OneDrive - Estudiantes ITCR/Escritorio/Taller de diseno/erojas__gfernandez_digital_design_lab_2025/Laboratorio3/videoGen.sv Line: 102
Warning (10030): Net "msg_j1.waddr_a" at videoGen.sv(102) has no driver or initial value, using a default initial value '0' File: C:/Users/ema08/OneDrive - Estudiantes ITCR/Escritorio/Taller de diseno/erojas__gfernandez_digital_design_lab_2025/Laboratorio3/videoGen.sv Line: 102
Warning (10030): Net "msg_j2.data_a" at videoGen.sv(103) has no driver or initial value, using a default initial value '0' File: C:/Users/ema08/OneDrive - Estudiantes ITCR/Escritorio/Taller de diseno/erojas__gfernandez_digital_design_lab_2025/Laboratorio3/videoGen.sv Line: 103
Warning (10030): Net "msg_j2.waddr_a" at videoGen.sv(103) has no driver or initial value, using a default initial value '0' File: C:/Users/ema08/OneDrive - Estudiantes ITCR/Escritorio/Taller de diseno/erojas__gfernandez_digital_design_lab_2025/Laboratorio3/videoGen.sv Line: 103
Warning (10030): Net "msg_empate.data_a" at videoGen.sv(104) has no driver or initial value, using a default initial value '0' File: C:/Users/ema08/OneDrive - Estudiantes ITCR/Escritorio/Taller de diseno/erojas__gfernandez_digital_design_lab_2025/Laboratorio3/videoGen.sv Line: 104
Warning (10030): Net "msg_empate.waddr_a" at videoGen.sv(104) has no driver or initial value, using a default initial value '0' File: C:/Users/ema08/OneDrive - Estudiantes ITCR/Escritorio/Taller de diseno/erojas__gfernandez_digital_design_lab_2025/Laboratorio3/videoGen.sv Line: 104
Warning (10030): Net "msg_pares.data_a" at videoGen.sv(105) has no driver or initial value, using a default initial value '0' File: C:/Users/ema08/OneDrive - Estudiantes ITCR/Escritorio/Taller de diseno/erojas__gfernandez_digital_design_lab_2025/Laboratorio3/videoGen.sv Line: 105
Warning (10030): Net "msg_pares.waddr_a" at videoGen.sv(105) has no driver or initial value, using a default initial value '0' File: C:/Users/ema08/OneDrive - Estudiantes ITCR/Escritorio/Taller de diseno/erojas__gfernandez_digital_design_lab_2025/Laboratorio3/videoGen.sv Line: 105
Warning (10030): Net "card_map.we_a" at videoGen.sv(50) has no driver or initial value, using a default initial value '0' File: C:/Users/ema08/OneDrive - Estudiantes ITCR/Escritorio/Taller de diseno/erojas__gfernandez_digital_design_lab_2025/Laboratorio3/videoGen.sv Line: 50
Warning (10030): Net "msg_j1.we_a" at videoGen.sv(102) has no driver or initial value, using a default initial value '0' File: C:/Users/ema08/OneDrive - Estudiantes ITCR/Escritorio/Taller de diseno/erojas__gfernandez_digital_design_lab_2025/Laboratorio3/videoGen.sv Line: 102
Warning (10030): Net "msg_j2.we_a" at videoGen.sv(103) has no driver or initial value, using a default initial value '0' File: C:/Users/ema08/OneDrive - Estudiantes ITCR/Escritorio/Taller de diseno/erojas__gfernandez_digital_design_lab_2025/Laboratorio3/videoGen.sv Line: 103
Warning (10030): Net "msg_empate.we_a" at videoGen.sv(104) has no driver or initial value, using a default initial value '0' File: C:/Users/ema08/OneDrive - Estudiantes ITCR/Escritorio/Taller de diseno/erojas__gfernandez_digital_design_lab_2025/Laboratorio3/videoGen.sv Line: 104
Warning (10030): Net "msg_pares.we_a" at videoGen.sv(105) has no driver or initial value, using a default initial value '0' File: C:/Users/ema08/OneDrive - Estudiantes ITCR/Escritorio/Taller de diseno/erojas__gfernandez_digital_design_lab_2025/Laboratorio3/videoGen.sv Line: 105
Info (12128): Elaborating entity "textROM" for hierarchy "videoGen:u_vid|textROM:fontROM" File: C:/Users/ema08/OneDrive - Estudiantes ITCR/Escritorio/Taller de diseno/erojas__gfernandez_digital_design_lab_2025/Laboratorio3/videoGen.sv Line: 97
Info (12128): Elaborating entity "hex7seg" for hierarchy "hex7seg:u_hex_units" File: C:/Users/ema08/OneDrive - Estudiantes ITCR/Escritorio/Taller de diseno/erojas__gfernandez_digital_design_lab_2025/Laboratorio3/top_lab3_avance.sv Line: 208
Info (276014): Found 6 instances of uninferred RAM logic
    Info (276004): RAM logic "videoGen:u_vid|card_map" is uninferred due to inappropriate RAM size File: C:/Users/ema08/OneDrive - Estudiantes ITCR/Escritorio/Taller de diseno/erojas__gfernandez_digital_design_lab_2025/Laboratorio3/videoGen.sv Line: 50
    Info (276004): RAM logic "videoGen:u_vid|msg_j1" is uninferred due to inappropriate RAM size File: C:/Users/ema08/OneDrive - Estudiantes ITCR/Escritorio/Taller de diseno/erojas__gfernandez_digital_design_lab_2025/Laboratorio3/videoGen.sv Line: 102
    Info (276004): RAM logic "videoGen:u_vid|msg_j2" is uninferred due to inappropriate RAM size File: C:/Users/ema08/OneDrive - Estudiantes ITCR/Escritorio/Taller de diseno/erojas__gfernandez_digital_design_lab_2025/Laboratorio3/videoGen.sv Line: 103
    Info (276004): RAM logic "videoGen:u_vid|msg_empate" is uninferred due to inappropriate RAM size File: C:/Users/ema08/OneDrive - Estudiantes ITCR/Escritorio/Taller de diseno/erojas__gfernandez_digital_design_lab_2025/Laboratorio3/videoGen.sv Line: 104
    Info (276004): RAM logic "videoGen:u_vid|msg_pares" is uninferred due to inappropriate RAM size File: C:/Users/ema08/OneDrive - Estudiantes ITCR/Escritorio/Taller de diseno/erojas__gfernandez_digital_design_lab_2025/Laboratorio3/videoGen.sv Line: 105
    Info (276004): RAM logic "card_selector:u_sel|card_map" is uninferred due to inappropriate RAM size File: C:/Users/ema08/OneDrive - Estudiantes ITCR/Escritorio/Taller de diseno/erojas__gfernandez_digital_design_lab_2025/Laboratorio3/card_selector.sv Line: 25
Critical Warning (127005): Memory depth (8) in the design file differs from memory depth (7) in the Memory Initialization File "C:/Users/ema08/OneDrive - Estudiantes ITCR/Escritorio/Taller de diseno/erojas__gfernandez_digital_design_lab_2025/Laboratorio3/db/Problema1_Lab3.ram1_videoGen_4a180b96.hdl.mif" -- setting initial value for remaining addresses to 0
Critical Warning (127005): Memory depth (8) in the design file differs from memory depth (7) in the Memory Initialization File "C:/Users/ema08/OneDrive - Estudiantes ITCR/Escritorio/Taller de diseno/erojas__gfernandez_digital_design_lab_2025/Laboratorio3/db/Problema1_Lab3.ram2_videoGen_4a180b96.hdl.mif" -- setting initial value for remaining addresses to 0
Critical Warning (127005): Memory depth (8) in the design file differs from memory depth (7) in the Memory Initialization File "C:/Users/ema08/OneDrive - Estudiantes ITCR/Escritorio/Taller de diseno/erojas__gfernandez_digital_design_lab_2025/Laboratorio3/db/Problema1_Lab3.ram3_videoGen_4a180b96.hdl.mif" -- setting initial value for remaining addresses to 0
Critical Warning (127005): Memory depth (8) in the design file differs from memory depth (6) in the Memory Initialization File "C:/Users/ema08/OneDrive - Estudiantes ITCR/Escritorio/Taller de diseno/erojas__gfernandez_digital_design_lab_2025/Laboratorio3/db/Problema1_Lab3.ram4_videoGen_4a180b96.hdl.mif" -- setting initial value for remaining addresses to 0
Info (278001): Inferred 11 megafunctions from design logic
    Info (278004): Inferred divider/modulo megafunction ("lpm_divide") from the following logic: "videoGen:u_vid|Mod0" File: C:/Users/ema08/OneDrive - Estudiantes ITCR/Escritorio/Taller de diseno/erojas__gfernandez_digital_design_lab_2025/Laboratorio3/videoGen.sv Line: 223
    Info (278004): Inferred divider/modulo megafunction ("lpm_divide") from the following logic: "videoGen:u_vid|Mod1" File: C:/Users/ema08/OneDrive - Estudiantes ITCR/Escritorio/Taller de diseno/erojas__gfernandez_digital_design_lab_2025/Laboratorio3/videoGen.sv Line: 224
    Info (278004): Inferred divider/modulo megafunction ("lpm_divide") from the following logic: "videoGen:u_vid|Mod2" File: C:/Users/ema08/OneDrive - Estudiantes ITCR/Escritorio/Taller de diseno/erojas__gfernandez_digital_design_lab_2025/Laboratorio3/videoGen.sv Line: 233
    Info (278004): Inferred divider/modulo megafunction ("lpm_divide") from the following logic: "videoGen:u_vid|Div0" File: C:/Users/ema08/OneDrive - Estudiantes ITCR/Escritorio/Taller de diseno/erojas__gfernandez_digital_design_lab_2025/Laboratorio3/videoGen.sv Line: 221
    Info (278004): Inferred divider/modulo megafunction ("lpm_divide") from the following logic: "videoGen:u_vid|Div1" File: C:/Users/ema08/OneDrive - Estudiantes ITCR/Escritorio/Taller de diseno/erojas__gfernandez_digital_design_lab_2025/Laboratorio3/videoGen.sv Line: 222
    Info (278004): Inferred divider/modulo megafunction ("lpm_divide") from the following logic: "videoGen:u_vid|Div2" File: C:/Users/ema08/OneDrive - Estudiantes ITCR/Escritorio/Taller de diseno/erojas__gfernandez_digital_design_lab_2025/Laboratorio3/videoGen.sv Line: 234
    Info (278004): Inferred divider/modulo megafunction ("lpm_divide") from the following logic: "videoGen:u_vid|Div3" File: C:/Users/ema08/OneDrive - Estudiantes ITCR/Escritorio/Taller de diseno/erojas__gfernandez_digital_design_lab_2025/Laboratorio3/videoGen.sv Line: 234
    Info (278004): Inferred divider/modulo megafunction ("lpm_divide") from the following logic: "videoGen:u_vid|Mod3" File: C:/Users/ema08/OneDrive - Estudiantes ITCR/Escritorio/Taller de diseno/erojas__gfernandez_digital_design_lab_2025/Laboratorio3/videoGen.sv Line: 236
    Info (278004): Inferred divider/modulo megafunction ("lpm_divide") from the following logic: "videoGen:u_vid|Mod4" File: C:/Users/ema08/OneDrive - Estudiantes ITCR/Escritorio/Taller de diseno/erojas__gfernandez_digital_design_lab_2025/Laboratorio3/videoGen.sv Line: 238
    Info (278004): Inferred divider/modulo megafunction ("lpm_divide") from the following logic: "counter_15s:u_cnt|Mod0" File: C:/Users/ema08/OneDrive - Estudiantes ITCR/Escritorio/Taller de diseno/erojas__gfernandez_digital_design_lab_2025/Laboratorio3/counter_15s.sv Line: 33
    Info (278004): Inferred divider/modulo megafunction ("lpm_divide") from the following logic: "counter_15s:u_cnt|Div0" File: C:/Users/ema08/OneDrive - Estudiantes ITCR/Escritorio/Taller de diseno/erojas__gfernandez_digital_design_lab_2025/Laboratorio3/counter_15s.sv Line: 32
Info (12130): Elaborated megafunction instantiation "videoGen:u_vid|lpm_divide:Mod0" File: C:/Users/ema08/OneDrive - Estudiantes ITCR/Escritorio/Taller de diseno/erojas__gfernandez_digital_design_lab_2025/Laboratorio3/videoGen.sv Line: 223
Info (12133): Instantiated megafunction "videoGen:u_vid|lpm_divide:Mod0" with the following parameter: File: C:/Users/ema08/OneDrive - Estudiantes ITCR/Escritorio/Taller de diseno/erojas__gfernandez_digital_design_lab_2025/Laboratorio3/videoGen.sv Line: 223
    Info (12134): Parameter "LPM_WIDTHN" = "10"
    Info (12134): Parameter "LPM_WIDTHD" = "7"
    Info (12134): Parameter "LPM_NREPRESENTATION" = "UNSIGNED"
    Info (12134): Parameter "LPM_DREPRESENTATION" = "UNSIGNED"
Info (12021): Found 1 design units, including 1 entities, in source file db/lpm_divide_k3m.tdf
    Info (12023): Found entity 1: lpm_divide_k3m File: C:/Users/ema08/OneDrive - Estudiantes ITCR/Escritorio/Taller de diseno/erojas__gfernandez_digital_design_lab_2025/Laboratorio3/db/lpm_divide_k3m.tdf Line: 25
Info (12021): Found 1 design units, including 1 entities, in source file db/sign_div_unsign_nlh.tdf
    Info (12023): Found entity 1: sign_div_unsign_nlh File: C:/Users/ema08/OneDrive - Estudiantes ITCR/Escritorio/Taller de diseno/erojas__gfernandez_digital_design_lab_2025/Laboratorio3/db/sign_div_unsign_nlh.tdf Line: 25
Info (12021): Found 1 design units, including 1 entities, in source file db/alt_u_div_kve.tdf
    Info (12023): Found entity 1: alt_u_div_kve File: C:/Users/ema08/OneDrive - Estudiantes ITCR/Escritorio/Taller de diseno/erojas__gfernandez_digital_design_lab_2025/Laboratorio3/db/alt_u_div_kve.tdf Line: 23
Info (12130): Elaborated megafunction instantiation "videoGen:u_vid|lpm_divide:Mod1" File: C:/Users/ema08/OneDrive - Estudiantes ITCR/Escritorio/Taller de diseno/erojas__gfernandez_digital_design_lab_2025/Laboratorio3/videoGen.sv Line: 224
Info (12133): Instantiated megafunction "videoGen:u_vid|lpm_divide:Mod1" with the following parameter: File: C:/Users/ema08/OneDrive - Estudiantes ITCR/Escritorio/Taller de diseno/erojas__gfernandez_digital_design_lab_2025/Laboratorio3/videoGen.sv Line: 224
    Info (12134): Parameter "LPM_WIDTHN" = "10"
    Info (12134): Parameter "LPM_WIDTHD" = "7"
    Info (12134): Parameter "LPM_NREPRESENTATION" = "UNSIGNED"
    Info (12134): Parameter "LPM_DREPRESENTATION" = "UNSIGNED"
Info (12130): Elaborated megafunction instantiation "videoGen:u_vid|lpm_divide:Mod2" File: C:/Users/ema08/OneDrive - Estudiantes ITCR/Escritorio/Taller de diseno/erojas__gfernandez_digital_design_lab_2025/Laboratorio3/videoGen.sv Line: 233
Info (12133): Instantiated megafunction "videoGen:u_vid|lpm_divide:Mod2" with the following parameter: File: C:/Users/ema08/OneDrive - Estudiantes ITCR/Escritorio/Taller de diseno/erojas__gfernandez_digital_design_lab_2025/Laboratorio3/videoGen.sv Line: 233
    Info (12134): Parameter "LPM_WIDTHN" = "8"
    Info (12134): Parameter "LPM_WIDTHD" = "5"
    Info (12134): Parameter "LPM_NREPRESENTATION" = "UNSIGNED"
    Info (12134): Parameter "LPM_DREPRESENTATION" = "UNSIGNED"
Info (12021): Found 1 design units, including 1 entities, in source file db/lpm_divide_92m.tdf
    Info (12023): Found entity 1: lpm_divide_92m File: C:/Users/ema08/OneDrive - Estudiantes ITCR/Escritorio/Taller de diseno/erojas__gfernandez_digital_design_lab_2025/Laboratorio3/db/lpm_divide_92m.tdf Line: 25
Info (12021): Found 1 design units, including 1 entities, in source file db/sign_div_unsign_ckh.tdf
    Info (12023): Found entity 1: sign_div_unsign_ckh File: C:/Users/ema08/OneDrive - Estudiantes ITCR/Escritorio/Taller de diseno/erojas__gfernandez_digital_design_lab_2025/Laboratorio3/db/sign_div_unsign_ckh.tdf Line: 25
Info (12021): Found 1 design units, including 1 entities, in source file db/alt_u_div_use.tdf
    Info (12023): Found entity 1: alt_u_div_use File: C:/Users/ema08/OneDrive - Estudiantes ITCR/Escritorio/Taller de diseno/erojas__gfernandez_digital_design_lab_2025/Laboratorio3/db/alt_u_div_use.tdf Line: 23
Info (12130): Elaborated megafunction instantiation "videoGen:u_vid|lpm_divide:Div0" File: C:/Users/ema08/OneDrive - Estudiantes ITCR/Escritorio/Taller de diseno/erojas__gfernandez_digital_design_lab_2025/Laboratorio3/videoGen.sv Line: 221
Info (12133): Instantiated megafunction "videoGen:u_vid|lpm_divide:Div0" with the following parameter: File: C:/Users/ema08/OneDrive - Estudiantes ITCR/Escritorio/Taller de diseno/erojas__gfernandez_digital_design_lab_2025/Laboratorio3/videoGen.sv Line: 221
    Info (12134): Parameter "LPM_WIDTHN" = "10"
    Info (12134): Parameter "LPM_WIDTHD" = "7"
    Info (12134): Parameter "LPM_NREPRESENTATION" = "UNSIGNED"
    Info (12134): Parameter "LPM_DREPRESENTATION" = "UNSIGNED"
Info (12021): Found 1 design units, including 1 entities, in source file db/lpm_divide_hbm.tdf
    Info (12023): Found entity 1: lpm_divide_hbm File: C:/Users/ema08/OneDrive - Estudiantes ITCR/Escritorio/Taller de diseno/erojas__gfernandez_digital_design_lab_2025/Laboratorio3/db/lpm_divide_hbm.tdf Line: 25
Info (12130): Elaborated megafunction instantiation "videoGen:u_vid|lpm_divide:Div1" File: C:/Users/ema08/OneDrive - Estudiantes ITCR/Escritorio/Taller de diseno/erojas__gfernandez_digital_design_lab_2025/Laboratorio3/videoGen.sv Line: 222
Info (12133): Instantiated megafunction "videoGen:u_vid|lpm_divide:Div1" with the following parameter: File: C:/Users/ema08/OneDrive - Estudiantes ITCR/Escritorio/Taller de diseno/erojas__gfernandez_digital_design_lab_2025/Laboratorio3/videoGen.sv Line: 222
    Info (12134): Parameter "LPM_WIDTHN" = "10"
    Info (12134): Parameter "LPM_WIDTHD" = "7"
    Info (12134): Parameter "LPM_NREPRESENTATION" = "UNSIGNED"
    Info (12134): Parameter "LPM_DREPRESENTATION" = "UNSIGNED"
Info (12130): Elaborated megafunction instantiation "videoGen:u_vid|lpm_divide:Div2" File: C:/Users/ema08/OneDrive - Estudiantes ITCR/Escritorio/Taller de diseno/erojas__gfernandez_digital_design_lab_2025/Laboratorio3/videoGen.sv Line: 234
Info (12133): Instantiated megafunction "videoGen:u_vid|lpm_divide:Div2" with the following parameter: File: C:/Users/ema08/OneDrive - Estudiantes ITCR/Escritorio/Taller de diseno/erojas__gfernandez_digital_design_lab_2025/Laboratorio3/videoGen.sv Line: 234
    Info (12134): Parameter "LPM_WIDTHN" = "7"
    Info (12134): Parameter "LPM_WIDTHD" = "4"
    Info (12134): Parameter "LPM_NREPRESENTATION" = "UNSIGNED"
    Info (12134): Parameter "LPM_DREPRESENTATION" = "UNSIGNED"
Info (12021): Found 1 design units, including 1 entities, in source file db/lpm_divide_4am.tdf
    Info (12023): Found entity 1: lpm_divide_4am File: C:/Users/ema08/OneDrive - Estudiantes ITCR/Escritorio/Taller de diseno/erojas__gfernandez_digital_design_lab_2025/Laboratorio3/db/lpm_divide_4am.tdf Line: 25
Info (12021): Found 1 design units, including 1 entities, in source file db/sign_div_unsign_akh.tdf
    Info (12023): Found entity 1: sign_div_unsign_akh File: C:/Users/ema08/OneDrive - Estudiantes ITCR/Escritorio/Taller de diseno/erojas__gfernandez_digital_design_lab_2025/Laboratorio3/db/sign_div_unsign_akh.tdf Line: 25
Info (12021): Found 1 design units, including 1 entities, in source file db/alt_u_div_qse.tdf
    Info (12023): Found entity 1: alt_u_div_qse File: C:/Users/ema08/OneDrive - Estudiantes ITCR/Escritorio/Taller de diseno/erojas__gfernandez_digital_design_lab_2025/Laboratorio3/db/alt_u_div_qse.tdf Line: 23
Info (12130): Elaborated megafunction instantiation "videoGen:u_vid|lpm_divide:Mod3" File: C:/Users/ema08/OneDrive - Estudiantes ITCR/Escritorio/Taller de diseno/erojas__gfernandez_digital_design_lab_2025/Laboratorio3/videoGen.sv Line: 236
Info (12133): Instantiated megafunction "videoGen:u_vid|lpm_divide:Mod3" with the following parameter: File: C:/Users/ema08/OneDrive - Estudiantes ITCR/Escritorio/Taller de diseno/erojas__gfernandez_digital_design_lab_2025/Laboratorio3/videoGen.sv Line: 236
    Info (12134): Parameter "LPM_WIDTHN" = "14"
    Info (12134): Parameter "LPM_WIDTHD" = "6"
    Info (12134): Parameter "LPM_NREPRESENTATION" = "UNSIGNED"
    Info (12134): Parameter "LPM_DREPRESENTATION" = "UNSIGNED"
Info (12021): Found 1 design units, including 1 entities, in source file db/lpm_divide_n3m.tdf
    Info (12023): Found entity 1: lpm_divide_n3m File: C:/Users/ema08/OneDrive - Estudiantes ITCR/Escritorio/Taller de diseno/erojas__gfernandez_digital_design_lab_2025/Laboratorio3/db/lpm_divide_n3m.tdf Line: 25
Info (12021): Found 1 design units, including 1 entities, in source file db/sign_div_unsign_qlh.tdf
    Info (12023): Found entity 1: sign_div_unsign_qlh File: C:/Users/ema08/OneDrive - Estudiantes ITCR/Escritorio/Taller de diseno/erojas__gfernandez_digital_design_lab_2025/Laboratorio3/db/sign_div_unsign_qlh.tdf Line: 25
Info (12021): Found 1 design units, including 1 entities, in source file db/alt_u_div_qve.tdf
    Info (12023): Found entity 1: alt_u_div_qve File: C:/Users/ema08/OneDrive - Estudiantes ITCR/Escritorio/Taller de diseno/erojas__gfernandez_digital_design_lab_2025/Laboratorio3/db/alt_u_div_qve.tdf Line: 23
Info (12130): Elaborated megafunction instantiation "videoGen:u_vid|lpm_divide:Mod4" File: C:/Users/ema08/OneDrive - Estudiantes ITCR/Escritorio/Taller de diseno/erojas__gfernandez_digital_design_lab_2025/Laboratorio3/videoGen.sv Line: 238
Info (12133): Instantiated megafunction "videoGen:u_vid|lpm_divide:Mod4" with the following parameter: File: C:/Users/ema08/OneDrive - Estudiantes ITCR/Escritorio/Taller de diseno/erojas__gfernandez_digital_design_lab_2025/Laboratorio3/videoGen.sv Line: 238
    Info (12134): Parameter "LPM_WIDTHN" = "9"
    Info (12134): Parameter "LPM_WIDTHD" = "5"
    Info (12134): Parameter "LPM_NREPRESENTATION" = "UNSIGNED"
    Info (12134): Parameter "LPM_DREPRESENTATION" = "UNSIGNED"
Info (12021): Found 1 design units, including 1 entities, in source file db/lpm_divide_a2m.tdf
    Info (12023): Found entity 1: lpm_divide_a2m File: C:/Users/ema08/OneDrive - Estudiantes ITCR/Escritorio/Taller de diseno/erojas__gfernandez_digital_design_lab_2025/Laboratorio3/db/lpm_divide_a2m.tdf Line: 25
Info (12021): Found 1 design units, including 1 entities, in source file db/sign_div_unsign_dkh.tdf
    Info (12023): Found entity 1: sign_div_unsign_dkh File: C:/Users/ema08/OneDrive - Estudiantes ITCR/Escritorio/Taller de diseno/erojas__gfernandez_digital_design_lab_2025/Laboratorio3/db/sign_div_unsign_dkh.tdf Line: 25
Info (12021): Found 1 design units, including 1 entities, in source file db/alt_u_div_0te.tdf
    Info (12023): Found entity 1: alt_u_div_0te File: C:/Users/ema08/OneDrive - Estudiantes ITCR/Escritorio/Taller de diseno/erojas__gfernandez_digital_design_lab_2025/Laboratorio3/db/alt_u_div_0te.tdf Line: 23
Info (12130): Elaborated megafunction instantiation "counter_15s:u_cnt|lpm_divide:Mod0" File: C:/Users/ema08/OneDrive - Estudiantes ITCR/Escritorio/Taller de diseno/erojas__gfernandez_digital_design_lab_2025/Laboratorio3/counter_15s.sv Line: 33
Info (12133): Instantiated megafunction "counter_15s:u_cnt|lpm_divide:Mod0" with the following parameter: File: C:/Users/ema08/OneDrive - Estudiantes ITCR/Escritorio/Taller de diseno/erojas__gfernandez_digital_design_lab_2025/Laboratorio3/counter_15s.sv Line: 33
    Info (12134): Parameter "LPM_WIDTHN" = "32"
    Info (12134): Parameter "LPM_WIDTHD" = "5"
    Info (12134): Parameter "LPM_NREPRESENTATION" = "SIGNED"
    Info (12134): Parameter "LPM_DREPRESENTATION" = "SIGNED"
    Info (12134): Parameter "LPM_HINT" = "LPM_REMAINDERPOSITIVE=FALSE"
Info (12021): Found 1 design units, including 1 entities, in source file db/lpm_divide_eho.tdf
    Info (12023): Found entity 1: lpm_divide_eho File: C:/Users/ema08/OneDrive - Estudiantes ITCR/Escritorio/Taller de diseno/erojas__gfernandez_digital_design_lab_2025/Laboratorio3/db/lpm_divide_eho.tdf Line: 25
Info (12021): Found 1 design units, including 1 entities, in source file db/abs_divider_kbg.tdf
    Info (12023): Found entity 1: abs_divider_kbg File: C:/Users/ema08/OneDrive - Estudiantes ITCR/Escritorio/Taller de diseno/erojas__gfernandez_digital_design_lab_2025/Laboratorio3/db/abs_divider_kbg.tdf Line: 29
Info (12021): Found 1 design units, including 1 entities, in source file db/alt_u_div_ove.tdf
    Info (12023): Found entity 1: alt_u_div_ove File: C:/Users/ema08/OneDrive - Estudiantes ITCR/Escritorio/Taller de diseno/erojas__gfernandez_digital_design_lab_2025/Laboratorio3/db/alt_u_div_ove.tdf Line: 23
Info (12021): Found 1 design units, including 1 entities, in source file db/lpm_abs_kn9.tdf
    Info (12023): Found entity 1: lpm_abs_kn9 File: C:/Users/ema08/OneDrive - Estudiantes ITCR/Escritorio/Taller de diseno/erojas__gfernandez_digital_design_lab_2025/Laboratorio3/db/lpm_abs_kn9.tdf Line: 23
Info (12021): Found 1 design units, including 1 entities, in source file db/lpm_abs_4p9.tdf
    Info (12023): Found entity 1: lpm_abs_4p9 File: C:/Users/ema08/OneDrive - Estudiantes ITCR/Escritorio/Taller de diseno/erojas__gfernandez_digital_design_lab_2025/Laboratorio3/db/lpm_abs_4p9.tdf Line: 23
Info (12130): Elaborated megafunction instantiation "counter_15s:u_cnt|lpm_divide:Div0" File: C:/Users/ema08/OneDrive - Estudiantes ITCR/Escritorio/Taller de diseno/erojas__gfernandez_digital_design_lab_2025/Laboratorio3/counter_15s.sv Line: 32
Info (12133): Instantiated megafunction "counter_15s:u_cnt|lpm_divide:Div0" with the following parameter: File: C:/Users/ema08/OneDrive - Estudiantes ITCR/Escritorio/Taller de diseno/erojas__gfernandez_digital_design_lab_2025/Laboratorio3/counter_15s.sv Line: 32
    Info (12134): Parameter "LPM_WIDTHN" = "32"
    Info (12134): Parameter "LPM_WIDTHD" = "5"
    Info (12134): Parameter "LPM_NREPRESENTATION" = "SIGNED"
    Info (12134): Parameter "LPM_DREPRESENTATION" = "SIGNED"
    Info (12134): Parameter "LPM_HINT" = "LPM_REMAINDERPOSITIVE=FALSE"
Info (12021): Found 1 design units, including 1 entities, in source file db/lpm_divide_bpo.tdf
    Info (12023): Found entity 1: lpm_divide_bpo File: C:/Users/ema08/OneDrive - Estudiantes ITCR/Escritorio/Taller de diseno/erojas__gfernandez_digital_design_lab_2025/Laboratorio3/db/lpm_divide_bpo.tdf Line: 25
Warning (13024): Output pins are stuck at VCC or GND
    Warning (13410): Pin "vga_sync_n" is stuck at VCC File: C:/Users/ema08/OneDrive - Estudiantes ITCR/Escritorio/Taller de diseno/erojas__gfernandez_digital_design_lab_2025/Laboratorio3/top_lab3_avance.sv Line: 21
Info (286030): Timing-Driven Synthesis is running
Info (17049): 3 registers lost all their fanouts during netlist optimizations.
Info (144001): Generated suppressed messages file C:/Users/ema08/OneDrive - Estudiantes ITCR/Escritorio/Taller de diseno/erojas__gfernandez_digital_design_lab_2025/Laboratorio3/output_files/Problema1_Lab3.map.smsg
Info (16010): Generating hard_block partition "hard_block:auto_generated_inst"
    Info (16011): Adding 0 node(s), including 0 DDIO, 0 PLL, 0 transceiver and 0 LCELL
Warning (21074): Design contains 2 input pin(s) that do not drive logic
    Warning (15610): No output dependent on input pin "SW[9]" File: C:/Users/ema08/OneDrive - Estudiantes ITCR/Escritorio/Taller de diseno/erojas__gfernandez_digital_design_lab_2025/Laboratorio3/top_lab3_avance.sv Line: 15
    Warning (15610): No output dependent on input pin "KEY[3]" File: C:/Users/ema08/OneDrive - Estudiantes ITCR/Escritorio/Taller de diseno/erojas__gfernandez_digital_design_lab_2025/Laboratorio3/top_lab3_avance.sv Line: 16
Info (21057): Implemented 2259 device resources after synthesis - the final resource count might be different
    Info (21058): Implemented 15 input pins
    Info (21059): Implemented 57 output pins
    Info (21061): Implemented 2186 logic cells
    Info (21062): Implemented 1 DSP elements
Info: Quartus Prime Analysis & Synthesis was successful. 0 errors, 52 warnings
    Info: Peak virtual memory: 4889 megabytes
    Info: Processing ended: Thu Oct  9 20:53:08 2025
    Info: Elapsed time: 00:00:12
    Info: Total CPU time (on all processors): 00:00:21


+------------------------------------------+
; Analysis & Synthesis Suppressed Messages ;
+------------------------------------------+
The suppressed messages can be found in C:/Users/ema08/OneDrive - Estudiantes ITCR/Escritorio/Taller de diseno/erojas__gfernandez_digital_design_lab_2025/Laboratorio3/output_files/Problema1_Lab3.map.smsg.


