Timing Analyzer report for Problema1_Lab3
Thu Oct  9 20:54:02 2025
Quartus Prime Version 22.1std.0 Build 915 10/25/2022 SC Lite Edition


---------------------
; Table of Contents ;
---------------------
  1. Legal Notice
  2. Timing Analyzer Summary
  3. Parallel Compilation
  4. Clocks
  5. Slow 1100mV 85C Model Fmax Summary
  6. Timing Closure Recommendations
  7. Slow 1100mV 85C Model Setup Summary
  8. Slow 1100mV 85C Model Hold Summary
  9. Slow 1100mV 85C Model Recovery Summary
 10. Slow 1100mV 85C Model Removal Summary
 11. Slow 1100mV 85C Model Minimum Pulse Width Summary
 12. Slow 1100mV 85C Model Metastability Summary
 13. Slow 1100mV 0C Model Fmax Summary
 14. Slow 1100mV 0C Model Setup Summary
 15. Slow 1100mV 0C Model Hold Summary
 16. Slow 1100mV 0C Model Recovery Summary
 17. Slow 1100mV 0C Model Removal Summary
 18. Slow 1100mV 0C Model Minimum Pulse Width Summary
 19. Slow 1100mV 0C Model Metastability Summary
 20. Fast 1100mV 85C Model Setup Summary
 21. Fast 1100mV 85C Model Hold Summary
 22. Fast 1100mV 85C Model Recovery Summary
 23. Fast 1100mV 85C Model Removal Summary
 24. Fast 1100mV 85C Model Minimum Pulse Width Summary
 25. Fast 1100mV 85C Model Metastability Summary
 26. Fast 1100mV 0C Model Setup Summary
 27. Fast 1100mV 0C Model Hold Summary
 28. Fast 1100mV 0C Model Recovery Summary
 29. Fast 1100mV 0C Model Removal Summary
 30. Fast 1100mV 0C Model Minimum Pulse Width Summary
 31. Fast 1100mV 0C Model Metastability Summary
 32. Multicorner Timing Analysis Summary
 33. Board Trace Model Assignments
 34. Input Transition Times
 35. Signal Integrity Metrics (Slow 1100mv 0c Model)
 36. Signal Integrity Metrics (Slow 1100mv 85c Model)
 37. Signal Integrity Metrics (Fast 1100mv 0c Model)
 38. Signal Integrity Metrics (Fast 1100mv 85c Model)
 39. Setup Transfers
 40. Hold Transfers
 41. Recovery Transfers
 42. Removal Transfers
 43. Report TCCS
 44. Report RSKM
 45. Unconstrained Paths Summary
 46. Clock Status Summary
 47. Unconstrained Input Ports
 48. Unconstrained Output Ports
 49. Unconstrained Input Ports
 50. Unconstrained Output Ports
 51. Timing Analyzer Messages



----------------
; Legal Notice ;
----------------
Copyright (C) 2022  Intel Corporation. All rights reserved.
Your use of Intel Corporation's design tools, logic functions 
and other software and tools, and any partner logic 
functions, and any output files from any of the foregoing 
(including device programming or simulation files), and any 
associated documentation or information are expressly subject 
to the terms and conditions of the Intel Program License 
Subscription Agreement, the Intel Quartus Prime License Agreement,
the Intel FPGA IP License Agreement, or other applicable license
agreement, including, without limitation, that your use is for
the sole purpose of programming logic devices manufactured by
Intel and sold by Intel or its authorized distributors.  Please
refer to the applicable agreement for further details, at
https://fpgasoftware.intel.com/eula.



+--------------------------------------------------------------------------------+
; Timing Analyzer Summary                                                        ;
+-----------------------+--------------------------------------------------------+
; Quartus Prime Version ; Version 22.1std.0 Build 915 10/25/2022 SC Lite Edition ;
; Timing Analyzer       ; Legacy Timing Analyzer                                 ;
; Revision Name         ; Problema1_Lab3                                         ;
; Device Family         ; Cyclone V                                              ;
; Device Name           ; 5CSXFC6D6F31C6                                         ;
; Timing Models         ; Final                                                  ;
; Delay Model           ; Combined                                               ;
; Rise/Fall Delays      ; Enabled                                                ;
+-----------------------+--------------------------------------------------------+


+------------------------------------------+
; Parallel Compilation                     ;
+----------------------------+-------------+
; Processors                 ; Number      ;
+----------------------------+-------------+
; Number detected on machine ; 8           ;
; Maximum allowed            ; 4           ;
;                            ;             ;
; Average used               ; 1.55        ;
; Maximum used               ; 4           ;
;                            ;             ;
; Usage by Processor         ; % Time Used ;
;     Processor 1            ; 100.0%      ;
;     Processor 2            ;  18.5%      ;
;     Processor 3            ;  18.3%      ;
;     Processor 4            ;  18.2%      ;
+----------------------------+-------------+


+--------------------------------------------------------------------------------------------------------------------------------------------------------------------------------------------------------------------+
; Clocks                                                                                                                                                                                                             ;
+--------------------------+------+--------+------------+-------+-------+------------+-----------+-------------+-------+--------+-----------+------------+----------+--------+--------+------------------------------+
; Clock Name               ; Type ; Period ; Frequency  ; Rise  ; Fall  ; Duty Cycle ; Divide by ; Multiply by ; Phase ; Offset ; Edge List ; Edge Shift ; Inverted ; Master ; Source ; Targets                      ;
+--------------------------+------+--------+------------+-------+-------+------------+-----------+-------------+-------+--------+-----------+------------+----------+--------+--------+------------------------------+
; clk                      ; Base ; 1.000  ; 1000.0 MHz ; 0.000 ; 0.500 ;            ;           ;             ;       ;        ;           ;            ;          ;        ;        ; { clk }                      ;
; gen_pixclk:u_pix|clk_pix ; Base ; 1.000  ; 1000.0 MHz ; 0.000 ; 0.500 ;            ;           ;             ;       ;        ;           ;            ;          ;        ;        ; { gen_pixclk:u_pix|clk_pix } ;
+--------------------------+------+--------+------------+-------+-------+------------+-----------+-------------+-------+--------+-----------+------------+----------+--------+--------+------------------------------+


+----------------------------------------------------------------+
; Slow 1100mV 85C Model Fmax Summary                             ;
+------------+-----------------+--------------------------+------+
; Fmax       ; Restricted Fmax ; Clock Name               ; Note ;
+------------+-----------------+--------------------------+------+
; 177.65 MHz ; 177.65 MHz      ; clk                      ;      ;
; 271.0 MHz  ; 271.0 MHz       ; gen_pixclk:u_pix|clk_pix ;      ;
+------------+-----------------+--------------------------+------+
This panel reports FMAX for every clock in the design, regardless of the user-specified clock periods.  FMAX is only computed for paths where the source and destination registers or ports are driven by the same clock.  Paths of different clocks, including generated clocks, are ignored.  For paths between a clock and its inversion, FMAX is computed as if the rising and falling edges are scaled along with FMAX, such that the duty cycle (in terms of a percentage) is maintained. Altera recommends that you always use clock constraints and other slack reports for sign-off analysis.


----------------------------------
; Timing Closure Recommendations ;
----------------------------------
HTML report is unavailable in plain text report export.


+---------------------------------------------------+
; Slow 1100mV 85C Model Setup Summary               ;
+--------------------------+--------+---------------+
; Clock                    ; Slack  ; End Point TNS ;
+--------------------------+--------+---------------+
; clk                      ; -4.629 ; -476.078      ;
; gen_pixclk:u_pix|clk_pix ; -2.690 ; -50.395       ;
+--------------------------+--------+---------------+


+--------------------------------------------------+
; Slow 1100mV 85C Model Hold Summary               ;
+--------------------------+-------+---------------+
; Clock                    ; Slack ; End Point TNS ;
+--------------------------+-------+---------------+
; clk                      ; 0.318 ; 0.000         ;
; gen_pixclk:u_pix|clk_pix ; 0.752 ; 0.000         ;
+--------------------------+-------+---------------+


+----------------------------------------+
; Slow 1100mV 85C Model Recovery Summary ;
+-------+--------+-----------------------+
; Clock ; Slack  ; End Point TNS         ;
+-------+--------+-----------------------+
; clk   ; -0.768 ; -27.539               ;
+-------+--------+-----------------------+


+---------------------------------------+
; Slow 1100mV 85C Model Removal Summary ;
+-------+-------+-----------------------+
; Clock ; Slack ; End Point TNS         ;
+-------+-------+-----------------------+
; clk   ; 0.758 ; 0.000                 ;
+-------+-------+-----------------------+


+---------------------------------------------------+
; Slow 1100mV 85C Model Minimum Pulse Width Summary ;
+--------------------------+--------+---------------+
; Clock                    ; Slack  ; End Point TNS ;
+--------------------------+--------+---------------+
; clk                      ; -0.394 ; -108.082      ;
; gen_pixclk:u_pix|clk_pix ; -0.394 ; -10.485       ;
+--------------------------+--------+---------------+


-----------------------------------------------
; Slow 1100mV 85C Model Metastability Summary ;
-----------------------------------------------
No synchronizer chains to report.


+----------------------------------------------------------------+
; Slow 1100mV 0C Model Fmax Summary                              ;
+------------+-----------------+--------------------------+------+
; Fmax       ; Restricted Fmax ; Clock Name               ; Note ;
+------------+-----------------+--------------------------+------+
; 178.25 MHz ; 178.25 MHz      ; clk                      ;      ;
; 282.57 MHz ; 282.57 MHz      ; gen_pixclk:u_pix|clk_pix ;      ;
+------------+-----------------+--------------------------+------+
This panel reports FMAX for every clock in the design, regardless of the user-specified clock periods.  FMAX is only computed for paths where the source and destination registers or ports are driven by the same clock.  Paths of different clocks, including generated clocks, are ignored.  For paths between a clock and its inversion, FMAX is computed as if the rising and falling edges are scaled along with FMAX, such that the duty cycle (in terms of a percentage) is maintained. Altera recommends that you always use clock constraints and other slack reports for sign-off analysis.


+---------------------------------------------------+
; Slow 1100mV 0C Model Setup Summary                ;
+--------------------------+--------+---------------+
; Clock                    ; Slack  ; End Point TNS ;
+--------------------------+--------+---------------+
; clk                      ; -4.610 ; -467.405      ;
; gen_pixclk:u_pix|clk_pix ; -2.539 ; -48.195       ;
+--------------------------+--------+---------------+


+--------------------------------------------------+
; Slow 1100mV 0C Model Hold Summary                ;
+--------------------------+-------+---------------+
; Clock                    ; Slack ; End Point TNS ;
+--------------------------+-------+---------------+
; clk                      ; 0.276 ; 0.000         ;
; gen_pixclk:u_pix|clk_pix ; 0.709 ; 0.000         ;
+--------------------------+-------+---------------+


+---------------------------------------+
; Slow 1100mV 0C Model Recovery Summary ;
+-------+--------+----------------------+
; Clock ; Slack  ; End Point TNS        ;
+-------+--------+----------------------+
; clk   ; -0.684 ; -24.392              ;
+-------+--------+----------------------+


+--------------------------------------+
; Slow 1100mV 0C Model Removal Summary ;
+-------+-------+----------------------+
; Clock ; Slack ; End Point TNS        ;
+-------+-------+----------------------+
; clk   ; 0.708 ; 0.000                ;
+-------+-------+----------------------+


+---------------------------------------------------+
; Slow 1100mV 0C Model Minimum Pulse Width Summary  ;
+--------------------------+--------+---------------+
; Clock                    ; Slack  ; End Point TNS ;
+--------------------------+--------+---------------+
; clk                      ; -0.394 ; -115.549      ;
; gen_pixclk:u_pix|clk_pix ; -0.394 ; -10.400       ;
+--------------------------+--------+---------------+


----------------------------------------------
; Slow 1100mV 0C Model Metastability Summary ;
----------------------------------------------
No synchronizer chains to report.


+---------------------------------------------------+
; Fast 1100mV 85C Model Setup Summary               ;
+--------------------------+--------+---------------+
; Clock                    ; Slack  ; End Point TNS ;
+--------------------------+--------+---------------+
; clk                      ; -2.604 ; -196.286      ;
; gen_pixclk:u_pix|clk_pix ; -1.233 ; -22.280       ;
+--------------------------+--------+---------------+


+--------------------------------------------------+
; Fast 1100mV 85C Model Hold Summary               ;
+--------------------------+-------+---------------+
; Clock                    ; Slack ; End Point TNS ;
+--------------------------+-------+---------------+
; clk                      ; 0.182 ; 0.000         ;
; gen_pixclk:u_pix|clk_pix ; 0.393 ; 0.000         ;
+--------------------------+-------+---------------+


+----------------------------------------+
; Fast 1100mV 85C Model Recovery Summary ;
+-------+--------+-----------------------+
; Clock ; Slack  ; End Point TNS         ;
+-------+--------+-----------------------+
; clk   ; -0.033 ; -0.633                ;
+-------+--------+-----------------------+


+---------------------------------------+
; Fast 1100mV 85C Model Removal Summary ;
+-------+-------+-----------------------+
; Clock ; Slack ; End Point TNS         ;
+-------+-------+-----------------------+
; clk   ; 0.422 ; 0.000                 ;
+-------+-------+-----------------------+


+---------------------------------------------------+
; Fast 1100mV 85C Model Minimum Pulse Width Summary ;
+--------------------------+--------+---------------+
; Clock                    ; Slack  ; End Point TNS ;
+--------------------------+--------+---------------+
; clk                      ; -0.094 ; -18.420       ;
; gen_pixclk:u_pix|clk_pix ; 0.092  ; 0.000         ;
+--------------------------+--------+---------------+


-----------------------------------------------
; Fast 1100mV 85C Model Metastability Summary ;
-----------------------------------------------
No synchronizer chains to report.


+---------------------------------------------------+
; Fast 1100mV 0C Model Setup Summary                ;
+--------------------------+--------+---------------+
; Clock                    ; Slack  ; End Point TNS ;
+--------------------------+--------+---------------+
; clk                      ; -2.077 ; -167.379      ;
; gen_pixclk:u_pix|clk_pix ; -1.032 ; -18.835       ;
+--------------------------+--------+---------------+


+--------------------------------------------------+
; Fast 1100mV 0C Model Hold Summary                ;
+--------------------------+-------+---------------+
; Clock                    ; Slack ; End Point TNS ;
+--------------------------+-------+---------------+
; clk                      ; 0.171 ; 0.000         ;
; gen_pixclk:u_pix|clk_pix ; 0.346 ; 0.000         ;
+--------------------------+-------+---------------+


+---------------------------------------+
; Fast 1100mV 0C Model Recovery Summary ;
+-------+-------+-----------------------+
; Clock ; Slack ; End Point TNS         ;
+-------+-------+-----------------------+
; clk   ; 0.057 ; 0.000                 ;
+-------+-------+-----------------------+


+--------------------------------------+
; Fast 1100mV 0C Model Removal Summary ;
+-------+-------+----------------------+
; Clock ; Slack ; End Point TNS        ;
+-------+-------+----------------------+
; clk   ; 0.381 ; 0.000                ;
+-------+-------+----------------------+


+---------------------------------------------------+
; Fast 1100mV 0C Model Minimum Pulse Width Summary  ;
+--------------------------+--------+---------------+
; Clock                    ; Slack  ; End Point TNS ;
+--------------------------+--------+---------------+
; clk                      ; -0.092 ; -18.056       ;
; gen_pixclk:u_pix|clk_pix ; 0.107  ; 0.000         ;
+--------------------------+--------+---------------+


----------------------------------------------
; Fast 1100mV 0C Model Metastability Summary ;
----------------------------------------------
No synchronizer chains to report.


+-----------------------------------------------------------------------------------------+
; Multicorner Timing Analysis Summary                                                     ;
+---------------------------+----------+-------+----------+---------+---------------------+
; Clock                     ; Setup    ; Hold  ; Recovery ; Removal ; Minimum Pulse Width ;
+---------------------------+----------+-------+----------+---------+---------------------+
; Worst-case Slack          ; -4.629   ; 0.171 ; -0.768   ; 0.381   ; -0.394              ;
;  clk                      ; -4.629   ; 0.171 ; -0.768   ; 0.381   ; -0.394              ;
;  gen_pixclk:u_pix|clk_pix ; -2.690   ; 0.346 ; N/A      ; N/A     ; -0.394              ;
; Design-wide TNS           ; -526.473 ; 0.0   ; -27.539  ; 0.0     ; -125.949            ;
;  clk                      ; -476.078 ; 0.000 ; -27.539  ; 0.000   ; -115.549            ;
;  gen_pixclk:u_pix|clk_pix ; -50.395  ; 0.000 ; N/A      ; N/A     ; -10.485             ;
+---------------------------+----------+-------+----------+---------+---------------------+


+----------------------------------------------------------------------------------------------------------------------------------------------------------------------------------------------------------------------------------------------------------------------------------------------------------------------------------------------------------------------------------------------------------------+
; Board Trace Model Assignments                                                                                                                                                                                                                                                                                                                                                                                  ;
+-------------+--------------+-------------------+-------------------------+-------------------------+---------------+---------------------+----------------+------------------+--------+------------------+------------------------+------------------------+--------------+---------------+-----------------+-------+---------------------+--------------------+---------------+-----------------+-------------+
; Pin         ; I/O Standard ; Near Tline Length ; Near Tline L per Length ; Near Tline C per Length ; Near Series R ; Near Differential R ; Near Pull-up R ; Near Pull-down R ; Near C ; Far Tline Length ; Far Tline L per Length ; Far Tline C per Length ; Far Series R ; Far Pull-up R ; Far Pull-down R ; Far C ; Termination Voltage ; Far Differential R ; EBD File Name ; EBD Signal Name ; EBD Far-end ;
+-------------+--------------+-------------------+-------------------------+-------------------------+---------------+---------------------+----------------+------------------+--------+------------------+------------------------+------------------------+--------------+---------------+-----------------+-------+---------------------+--------------------+---------------+-----------------+-------------+
; hsync       ; 2.5 V        ; 0 in              ; 0 H/in                  ; 0 F/in                  ; short         ; -                   ; open           ; open             ; open   ; 0 in             ; 0 H/in                 ; 0 F/in                 ; short        ; open          ; open            ; open  ; 0 V                 ; -                  ; n/a           ; n/a             ; n/a         ;
; vsync       ; 2.5 V        ; 0 in              ; 0 H/in                  ; 0 F/in                  ; short         ; -                   ; open           ; open             ; open   ; 0 in             ; 0 H/in                 ; 0 F/in                 ; short        ; open          ; open            ; open  ; 0 V                 ; -                  ; n/a           ; n/a             ; n/a         ;
; vga_clk     ; 2.5 V        ; 0 in              ; 0 H/in                  ; 0 F/in                  ; short         ; -                   ; open           ; open             ; open   ; 0 in             ; 0 H/in                 ; 0 F/in                 ; short        ; open          ; open            ; open  ; 0 V                 ; -                  ; n/a           ; n/a             ; n/a         ;
; vga_blank_n ; 2.5 V        ; 0 in              ; 0 H/in                  ; 0 F/in                  ; short         ; -                   ; open           ; open             ; open   ; 0 in             ; 0 H/in                 ; 0 F/in                 ; short        ; open          ; open            ; open  ; 0 V                 ; -                  ; n/a           ; n/a             ; n/a         ;
; vga_sync_n  ; 2.5 V        ; 0 in              ; 0 H/in                  ; 0 F/in                  ; short         ; -                   ; open           ; open             ; open   ; 0 in             ; 0 H/in                 ; 0 F/in                 ; short        ; open          ; open            ; open  ; 0 V                 ; -                  ; n/a           ; n/a             ; n/a         ;
; vga_r[0]    ; 2.5 V        ; 0 in              ; 0 H/in                  ; 0 F/in                  ; short         ; -                   ; open           ; open             ; open   ; 0 in             ; 0 H/in                 ; 0 F/in                 ; short        ; open          ; open            ; open  ; 0 V                 ; -                  ; n/a           ; n/a             ; n/a         ;
; vga_r[1]    ; 2.5 V        ; 0 in              ; 0 H/in                  ; 0 F/in                  ; short         ; -                   ; open           ; open             ; open   ; 0 in             ; 0 H/in                 ; 0 F/in                 ; short        ; open          ; open            ; open  ; 0 V                 ; -                  ; n/a           ; n/a             ; n/a         ;
; vga_r[2]    ; 2.5 V        ; 0 in              ; 0 H/in                  ; 0 F/in                  ; short         ; -                   ; open           ; open             ; open   ; 0 in             ; 0 H/in                 ; 0 F/in                 ; short        ; open          ; open            ; open  ; 0 V                 ; -                  ; n/a           ; n/a             ; n/a         ;
; vga_r[3]    ; 2.5 V        ; 0 in              ; 0 H/in                  ; 0 F/in                  ; short         ; -                   ; open           ; open             ; open   ; 0 in             ; 0 H/in                 ; 0 F/in                 ; short        ; open          ; open            ; open  ; 0 V                 ; -                  ; n/a           ; n/a             ; n/a         ;
; vga_r[4]    ; 2.5 V        ; 0 in              ; 0 H/in                  ; 0 F/in                  ; short         ; -                   ; open           ; open             ; open   ; 0 in             ; 0 H/in                 ; 0 F/in                 ; short        ; open          ; open            ; open  ; 0 V                 ; -                  ; n/a           ; n/a             ; n/a         ;
; vga_r[5]    ; 2.5 V        ; 0 in              ; 0 H/in                  ; 0 F/in                  ; short         ; -                   ; open           ; open             ; open   ; 0 in             ; 0 H/in                 ; 0 F/in                 ; short        ; open          ; open            ; open  ; 0 V                 ; -                  ; n/a           ; n/a             ; n/a         ;
; vga_r[6]    ; 2.5 V        ; 0 in              ; 0 H/in                  ; 0 F/in                  ; short         ; -                   ; open           ; open             ; open   ; 0 in             ; 0 H/in                 ; 0 F/in                 ; short        ; open          ; open            ; open  ; 0 V                 ; -                  ; n/a           ; n/a             ; n/a         ;
; vga_r[7]    ; 2.5 V        ; 0 in              ; 0 H/in                  ; 0 F/in                  ; short         ; -                   ; open           ; open             ; open   ; 0 in             ; 0 H/in                 ; 0 F/in                 ; short        ; open          ; open            ; open  ; 0 V                 ; -                  ; n/a           ; n/a             ; n/a         ;
; vga_g[0]    ; 2.5 V        ; 0 in              ; 0 H/in                  ; 0 F/in                  ; short         ; -                   ; open           ; open             ; open   ; 0 in             ; 0 H/in                 ; 0 F/in                 ; short        ; open          ; open            ; open  ; 0 V                 ; -                  ; n/a           ; n/a             ; n/a         ;
; vga_g[1]    ; 2.5 V        ; 0 in              ; 0 H/in                  ; 0 F/in                  ; short         ; -                   ; open           ; open             ; open   ; 0 in             ; 0 H/in                 ; 0 F/in                 ; short        ; open          ; open            ; open  ; 0 V                 ; -                  ; n/a           ; n/a             ; n/a         ;
; vga_g[2]    ; 2.5 V        ; 0 in              ; 0 H/in                  ; 0 F/in                  ; short         ; -                   ; open           ; open             ; open   ; 0 in             ; 0 H/in                 ; 0 F/in                 ; short        ; open          ; open            ; open  ; 0 V                 ; -                  ; n/a           ; n/a             ; n/a         ;
; vga_g[3]    ; 2.5 V        ; 0 in              ; 0 H/in                  ; 0 F/in                  ; short         ; -                   ; open           ; open             ; open   ; 0 in             ; 0 H/in                 ; 0 F/in                 ; short        ; open          ; open            ; open  ; 0 V                 ; -                  ; n/a           ; n/a             ; n/a         ;
; vga_g[4]    ; 2.5 V        ; 0 in              ; 0 H/in                  ; 0 F/in                  ; short         ; -                   ; open           ; open             ; open   ; 0 in             ; 0 H/in                 ; 0 F/in                 ; short        ; open          ; open            ; open  ; 0 V                 ; -                  ; n/a           ; n/a             ; n/a         ;
; vga_g[5]    ; 2.5 V        ; 0 in              ; 0 H/in                  ; 0 F/in                  ; short         ; -                   ; open           ; open             ; open   ; 0 in             ; 0 H/in                 ; 0 F/in                 ; short        ; open          ; open            ; open  ; 0 V                 ; -                  ; n/a           ; n/a             ; n/a         ;
; vga_g[6]    ; 2.5 V        ; 0 in              ; 0 H/in                  ; 0 F/in                  ; short         ; -                   ; open           ; open             ; open   ; 0 in             ; 0 H/in                 ; 0 F/in                 ; short        ; open          ; open            ; open  ; 0 V                 ; -                  ; n/a           ; n/a             ; n/a         ;
; vga_g[7]    ; 2.5 V        ; 0 in              ; 0 H/in                  ; 0 F/in                  ; short         ; -                   ; open           ; open             ; open   ; 0 in             ; 0 H/in                 ; 0 F/in                 ; short        ; open          ; open            ; open  ; 0 V                 ; -                  ; n/a           ; n/a             ; n/a         ;
; vga_b[0]    ; 2.5 V        ; 0 in              ; 0 H/in                  ; 0 F/in                  ; short         ; -                   ; open           ; open             ; open   ; 0 in             ; 0 H/in                 ; 0 F/in                 ; short        ; open          ; open            ; open  ; 0 V                 ; -                  ; n/a           ; n/a             ; n/a         ;
; vga_b[1]    ; 2.5 V        ; 0 in              ; 0 H/in                  ; 0 F/in                  ; short         ; -                   ; open           ; open             ; open   ; 0 in             ; 0 H/in                 ; 0 F/in                 ; short        ; open          ; open            ; open  ; 0 V                 ; -                  ; n/a           ; n/a             ; n/a         ;
; vga_b[2]    ; 2.5 V        ; 0 in              ; 0 H/in                  ; 0 F/in                  ; short         ; -                   ; open           ; open             ; open   ; 0 in             ; 0 H/in                 ; 0 F/in                 ; short        ; open          ; open            ; open  ; 0 V                 ; -                  ; n/a           ; n/a             ; n/a         ;
; vga_b[3]    ; 2.5 V        ; 0 in              ; 0 H/in                  ; 0 F/in                  ; short         ; -                   ; open           ; open             ; open   ; 0 in             ; 0 H/in                 ; 0 F/in                 ; short        ; open          ; open            ; open  ; 0 V                 ; -                  ; n/a           ; n/a             ; n/a         ;
; vga_b[4]    ; 2.5 V        ; 0 in              ; 0 H/in                  ; 0 F/in                  ; short         ; -                   ; open           ; open             ; open   ; 0 in             ; 0 H/in                 ; 0 F/in                 ; short        ; open          ; open            ; open  ; 0 V                 ; -                  ; n/a           ; n/a             ; n/a         ;
; vga_b[5]    ; 2.5 V        ; 0 in              ; 0 H/in                  ; 0 F/in                  ; short         ; -                   ; open           ; open             ; open   ; 0 in             ; 0 H/in                 ; 0 F/in                 ; short        ; open          ; open            ; open  ; 0 V                 ; -                  ; n/a           ; n/a             ; n/a         ;
; vga_b[6]    ; 2.5 V        ; 0 in              ; 0 H/in                  ; 0 F/in                  ; short         ; -                   ; open           ; open             ; open   ; 0 in             ; 0 H/in                 ; 0 F/in                 ; short        ; open          ; open            ; open  ; 0 V                 ; -                  ; n/a           ; n/a             ; n/a         ;
; vga_b[7]    ; 2.5 V        ; 0 in              ; 0 H/in                  ; 0 F/in                  ; short         ; -                   ; open           ; open             ; open   ; 0 in             ; 0 H/in                 ; 0 F/in                 ; short        ; open          ; open            ; open  ; 0 V                 ; -                  ; n/a           ; n/a             ; n/a         ;
; HEX0[0]     ; 2.5 V        ; 0 in              ; 0 H/in                  ; 0 F/in                  ; short         ; -                   ; open           ; open             ; open   ; 0 in             ; 0 H/in                 ; 0 F/in                 ; short        ; open          ; open            ; open  ; 0 V                 ; -                  ; n/a           ; n/a             ; n/a         ;
; HEX0[1]     ; 2.5 V        ; 0 in              ; 0 H/in                  ; 0 F/in                  ; short         ; -                   ; open           ; open             ; open   ; 0 in             ; 0 H/in                 ; 0 F/in                 ; short        ; open          ; open            ; open  ; 0 V                 ; -                  ; n/a           ; n/a             ; n/a         ;
; HEX0[2]     ; 2.5 V        ; 0 in              ; 0 H/in                  ; 0 F/in                  ; short         ; -                   ; open           ; open             ; open   ; 0 in             ; 0 H/in                 ; 0 F/in                 ; short        ; open          ; open            ; open  ; 0 V                 ; -                  ; n/a           ; n/a             ; n/a         ;
; HEX0[3]     ; 2.5 V        ; 0 in              ; 0 H/in                  ; 0 F/in                  ; short         ; -                   ; open           ; open             ; open   ; 0 in             ; 0 H/in                 ; 0 F/in                 ; short        ; open          ; open            ; open  ; 0 V                 ; -                  ; n/a           ; n/a             ; n/a         ;
; HEX0[4]     ; 2.5 V        ; 0 in              ; 0 H/in                  ; 0 F/in                  ; short         ; -                   ; open           ; open             ; open   ; 0 in             ; 0 H/in                 ; 0 F/in                 ; short        ; open          ; open            ; open  ; 0 V                 ; -                  ; n/a           ; n/a             ; n/a         ;
; HEX0[5]     ; 2.5 V        ; 0 in              ; 0 H/in                  ; 0 F/in                  ; short         ; -                   ; open           ; open             ; open   ; 0 in             ; 0 H/in                 ; 0 F/in                 ; short        ; open          ; open            ; open  ; 0 V                 ; -                  ; n/a           ; n/a             ; n/a         ;
; HEX0[6]     ; 2.5 V        ; 0 in              ; 0 H/in                  ; 0 F/in                  ; short         ; -                   ; open           ; open             ; open   ; 0 in             ; 0 H/in                 ; 0 F/in                 ; short        ; open          ; open            ; open  ; 0 V                 ; -                  ; n/a           ; n/a             ; n/a         ;
; HEX1[0]     ; 2.5 V        ; 0 in              ; 0 H/in                  ; 0 F/in                  ; short         ; -                   ; open           ; open             ; open   ; 0 in             ; 0 H/in                 ; 0 F/in                 ; short        ; open          ; open            ; open  ; 0 V                 ; -                  ; n/a           ; n/a             ; n/a         ;
; HEX1[1]     ; 2.5 V        ; 0 in              ; 0 H/in                  ; 0 F/in                  ; short         ; -                   ; open           ; open             ; open   ; 0 in             ; 0 H/in                 ; 0 F/in                 ; short        ; open          ; open            ; open  ; 0 V                 ; -                  ; n/a           ; n/a             ; n/a         ;
; HEX1[2]     ; 2.5 V        ; 0 in              ; 0 H/in                  ; 0 F/in                  ; short         ; -                   ; open           ; open             ; open   ; 0 in             ; 0 H/in                 ; 0 F/in                 ; short        ; open          ; open            ; open  ; 0 V                 ; -                  ; n/a           ; n/a             ; n/a         ;
; HEX1[3]     ; 2.5 V        ; 0 in              ; 0 H/in                  ; 0 F/in                  ; short         ; -                   ; open           ; open             ; open   ; 0 in             ; 0 H/in                 ; 0 F/in                 ; short        ; open          ; open            ; open  ; 0 V                 ; -                  ; n/a           ; n/a             ; n/a         ;
; HEX1[4]     ; 2.5 V        ; 0 in              ; 0 H/in                  ; 0 F/in                  ; short         ; -                   ; open           ; open             ; open   ; 0 in             ; 0 H/in                 ; 0 F/in                 ; short        ; open          ; open            ; open  ; 0 V                 ; -                  ; n/a           ; n/a             ; n/a         ;
; HEX1[5]     ; 2.5 V        ; 0 in              ; 0 H/in                  ; 0 F/in                  ; short         ; -                   ; open           ; open             ; open   ; 0 in             ; 0 H/in                 ; 0 F/in                 ; short        ; open          ; open            ; open  ; 0 V                 ; -                  ; n/a           ; n/a             ; n/a         ;
; HEX1[6]     ; 2.5 V        ; 0 in              ; 0 H/in                  ; 0 F/in                  ; short         ; -                   ; open           ; open             ; open   ; 0 in             ; 0 H/in                 ; 0 F/in                 ; short        ; open          ; open            ; open  ; 0 V                 ; -                  ; n/a           ; n/a             ; n/a         ;
; HEX2[0]     ; 2.5 V        ; 0 in              ; 0 H/in                  ; 0 F/in                  ; short         ; -                   ; open           ; open             ; open   ; 0 in             ; 0 H/in                 ; 0 F/in                 ; short        ; open          ; open            ; open  ; 0 V                 ; -                  ; n/a           ; n/a             ; n/a         ;
; HEX2[1]     ; 2.5 V        ; 0 in              ; 0 H/in                  ; 0 F/in                  ; short         ; -                   ; open           ; open             ; open   ; 0 in             ; 0 H/in                 ; 0 F/in                 ; short        ; open          ; open            ; open  ; 0 V                 ; -                  ; n/a           ; n/a             ; n/a         ;
; HEX2[2]     ; 2.5 V        ; 0 in              ; 0 H/in                  ; 0 F/in                  ; short         ; -                   ; open           ; open             ; open   ; 0 in             ; 0 H/in                 ; 0 F/in                 ; short        ; open          ; open            ; open  ; 0 V                 ; -                  ; n/a           ; n/a             ; n/a         ;
; HEX2[3]     ; 2.5 V        ; 0 in              ; 0 H/in                  ; 0 F/in                  ; short         ; -                   ; open           ; open             ; open   ; 0 in             ; 0 H/in                 ; 0 F/in                 ; short        ; open          ; open            ; open  ; 0 V                 ; -                  ; n/a           ; n/a             ; n/a         ;
; HEX2[4]     ; 2.5 V        ; 0 in              ; 0 H/in                  ; 0 F/in                  ; short         ; -                   ; open           ; open             ; open   ; 0 in             ; 0 H/in                 ; 0 F/in                 ; short        ; open          ; open            ; open  ; 0 V                 ; -                  ; n/a           ; n/a             ; n/a         ;
; HEX2[5]     ; 2.5 V        ; 0 in              ; 0 H/in                  ; 0 F/in                  ; short         ; -                   ; open           ; open             ; open   ; 0 in             ; 0 H/in                 ; 0 F/in                 ; short        ; open          ; open            ; open  ; 0 V                 ; -                  ; n/a           ; n/a             ; n/a         ;
; HEX2[6]     ; 2.5 V        ; 0 in              ; 0 H/in                  ; 0 F/in                  ; short         ; -                   ; open           ; open             ; open   ; 0 in             ; 0 H/in                 ; 0 F/in                 ; short        ; open          ; open            ; open  ; 0 V                 ; -                  ; n/a           ; n/a             ; n/a         ;
; HEX3[0]     ; 2.5 V        ; 0 in              ; 0 H/in                  ; 0 F/in                  ; short         ; -                   ; open           ; open             ; open   ; 0 in             ; 0 H/in                 ; 0 F/in                 ; short        ; open          ; open            ; open  ; 0 V                 ; -                  ; n/a           ; n/a             ; n/a         ;
; HEX3[1]     ; 2.5 V        ; 0 in              ; 0 H/in                  ; 0 F/in                  ; short         ; -                   ; open           ; open             ; open   ; 0 in             ; 0 H/in                 ; 0 F/in                 ; short        ; open          ; open            ; open  ; 0 V                 ; -                  ; n/a           ; n/a             ; n/a         ;
; HEX3[2]     ; 2.5 V        ; 0 in              ; 0 H/in                  ; 0 F/in                  ; short         ; -                   ; open           ; open             ; open   ; 0 in             ; 0 H/in                 ; 0 F/in                 ; short        ; open          ; open            ; open  ; 0 V                 ; -                  ; n/a           ; n/a             ; n/a         ;
; HEX3[3]     ; 2.5 V        ; 0 in              ; 0 H/in                  ; 0 F/in                  ; short         ; -                   ; open           ; open             ; open   ; 0 in             ; 0 H/in                 ; 0 F/in                 ; short        ; open          ; open            ; open  ; 0 V                 ; -                  ; n/a           ; n/a             ; n/a         ;
; HEX3[4]     ; 2.5 V        ; 0 in              ; 0 H/in                  ; 0 F/in                  ; short         ; -                   ; open           ; open             ; open   ; 0 in             ; 0 H/in                 ; 0 F/in                 ; short        ; open          ; open            ; open  ; 0 V                 ; -                  ; n/a           ; n/a             ; n/a         ;
; HEX3[5]     ; 2.5 V        ; 0 in              ; 0 H/in                  ; 0 F/in                  ; short         ; -                   ; open           ; open             ; open   ; 0 in             ; 0 H/in                 ; 0 F/in                 ; short        ; open          ; open            ; open  ; 0 V                 ; -                  ; n/a           ; n/a             ; n/a         ;
; HEX3[6]     ; 2.5 V        ; 0 in              ; 0 H/in                  ; 0 F/in                  ; short         ; -                   ; open           ; open             ; open   ; 0 in             ; 0 H/in                 ; 0 F/in                 ; short        ; open          ; open            ; open  ; 0 V                 ; -                  ; n/a           ; n/a             ; n/a         ;
+-------------+--------------+-------------------+-------------------------+-------------------------+---------------+---------------------+----------------+------------------+--------+------------------+------------------------+------------------------+--------------+---------------+-----------------+-------+---------------------+--------------------+---------------+-----------------+-------------+


+-----------------------------------------------------------+
; Input Transition Times                                    ;
+--------+--------------+-----------------+-----------------+
; Pin    ; I/O Standard ; 10-90 Rise Time ; 90-10 Fall Time ;
+--------+--------------+-----------------+-----------------+
; SW[9]  ; 2.5 V        ; 2000 ps         ; 2000 ps         ;
; KEY[3] ; 2.5 V        ; 2000 ps         ; 2000 ps         ;
; KEY[1] ; 2.5 V        ; 2000 ps         ; 2000 ps         ;
; clk    ; 2.5 V        ; 2000 ps         ; 2000 ps         ;
; KEY[0] ; 2.5 V        ; 2000 ps         ; 2000 ps         ;
; SW[0]  ; 2.5 V        ; 2000 ps         ; 2000 ps         ;
; SW[6]  ; 2.5 V        ; 2000 ps         ; 2000 ps         ;
; SW[5]  ; 2.5 V        ; 2000 ps         ; 2000 ps         ;
; SW[4]  ; 2.5 V        ; 2000 ps         ; 2000 ps         ;
; SW[2]  ; 2.5 V        ; 2000 ps         ; 2000 ps         ;
; SW[3]  ; 2.5 V        ; 2000 ps         ; 2000 ps         ;
; SW[1]  ; 2.5 V        ; 2000 ps         ; 2000 ps         ;
; SW[7]  ; 2.5 V        ; 2000 ps         ; 2000 ps         ;
; KEY[2] ; 2.5 V        ; 2000 ps         ; 2000 ps         ;
; SW[8]  ; 2.5 V        ; 2000 ps         ; 2000 ps         ;
+--------+--------------+-----------------+-----------------+


+------------------------------------------------------------------------------------------------------------------------------------------------------------------------------------------------------------------------------------------------------------------------------------------------------------------------------------------------------------------------------------------------------------------------------------------------------------------------------------------------------------------------------------------------------------------------------------------------------------------------------------------------------------------------------------------+
; Signal Integrity Metrics (Slow 1100mv 0c Model)                                                                                                                                                                                                                                                                                                                                                                                                                                                                                                                                                                                                                                          ;
+-------------+--------------+---------------------+---------------------+------------------------------+------------------------------+---------------------+---------------------+--------------------------------------+--------------------------------------+-----------------------------+-----------------------------+----------------------------+----------------------------+-----------------------------+-----------------------------+--------------------+--------------------+-------------------------------------+-------------------------------------+----------------------------+----------------------------+---------------------------+---------------------------+
; Pin         ; I/O Standard ; Board Delay on Rise ; Board Delay on Fall ; Steady State Voh at FPGA Pin ; Steady State Vol at FPGA Pin ; Voh Max at FPGA Pin ; Vol Min at FPGA Pin ; Ringback Voltage on Rise at FPGA Pin ; Ringback Voltage on Fall at FPGA Pin ; 10-90 Rise Time at FPGA Pin ; 90-10 Fall Time at FPGA Pin ; Monotonic Rise at FPGA Pin ; Monotonic Fall at FPGA Pin ; Steady State Voh at Far-end ; Steady State Vol at Far-end ; Voh Max at Far-end ; Vol Min at Far-end ; Ringback Voltage on Rise at Far-end ; Ringback Voltage on Fall at Far-end ; 10-90 Rise Time at Far-end ; 90-10 Fall Time at Far-end ; Monotonic Rise at Far-end ; Monotonic Fall at Far-end ;
+-------------+--------------+---------------------+---------------------+------------------------------+------------------------------+---------------------+---------------------+--------------------------------------+--------------------------------------+-----------------------------+-----------------------------+----------------------------+----------------------------+-----------------------------+-----------------------------+--------------------+--------------------+-------------------------------------+-------------------------------------+----------------------------+----------------------------+---------------------------+---------------------------+
; hsync       ; 2.5 V        ; 0 s                 ; 0 s                 ; 2.32 V                       ; 3.52e-07 V                   ; 2.42 V              ; -0.0557 V           ; 0.175 V                              ; 0.114 V                              ; 4.5e-10 s                   ; 4.35e-10 s                  ; No                         ; No                         ; 2.32 V                      ; 3.52e-07 V                  ; 2.42 V             ; -0.0557 V          ; 0.175 V                             ; 0.114 V                             ; 4.5e-10 s                  ; 4.35e-10 s                 ; No                        ; No                        ;
; vsync       ; 2.5 V        ; 0 s                 ; 0 s                 ; 2.32 V                       ; 3.07e-07 V                   ; 2.36 V              ; -0.0231 V           ; 0.14 V                               ; 0.089 V                              ; 4.52e-10 s                  ; 4.35e-10 s                  ; No                         ; Yes                        ; 2.32 V                      ; 3.07e-07 V                  ; 2.36 V             ; -0.0231 V          ; 0.14 V                              ; 0.089 V                             ; 4.52e-10 s                 ; 4.35e-10 s                 ; No                        ; Yes                       ;
; vga_clk     ; 2.5 V        ; 0 s                 ; 0 s                 ; 2.32 V                       ; 3.52e-07 V                   ; 2.42 V              ; -0.0568 V           ; 0.173 V                              ; 0.113 V                              ; 4.5e-10 s                   ; 4.35e-10 s                  ; No                         ; No                         ; 2.32 V                      ; 3.52e-07 V                  ; 2.42 V             ; -0.0568 V          ; 0.173 V                             ; 0.113 V                             ; 4.5e-10 s                  ; 4.35e-10 s                 ; No                        ; No                        ;
; vga_blank_n ; 2.5 V        ; 0 s                 ; 0 s                 ; 2.32 V                       ; 3.52e-07 V                   ; 2.42 V              ; -0.0557 V           ; 0.175 V                              ; 0.114 V                              ; 4.5e-10 s                   ; 4.35e-10 s                  ; No                         ; No                         ; 2.32 V                      ; 3.52e-07 V                  ; 2.42 V             ; -0.0557 V          ; 0.175 V                             ; 0.114 V                             ; 4.5e-10 s                  ; 4.35e-10 s                 ; No                        ; No                        ;
; vga_sync_n  ; 2.5 V        ; 0 s                 ; 0 s                 ; 2.32 V                       ; 3.52e-07 V                   ; 2.42 V              ; -0.0557 V           ; 0.175 V                              ; 0.114 V                              ; 4.5e-10 s                   ; 4.35e-10 s                  ; No                         ; No                         ; 2.32 V                      ; 3.52e-07 V                  ; 2.42 V             ; -0.0557 V          ; 0.175 V                             ; 0.114 V                             ; 4.5e-10 s                  ; 4.35e-10 s                 ; No                        ; No                        ;
; vga_r[0]    ; 2.5 V        ; 0 s                 ; 0 s                 ; 2.32 V                       ; 3.52e-07 V                   ; 2.42 V              ; -0.0557 V           ; 0.175 V                              ; 0.114 V                              ; 4.5e-10 s                   ; 4.35e-10 s                  ; No                         ; No                         ; 2.32 V                      ; 3.52e-07 V                  ; 2.42 V             ; -0.0557 V          ; 0.175 V                             ; 0.114 V                             ; 4.5e-10 s                  ; 4.35e-10 s                 ; No                        ; No                        ;
; vga_r[1]    ; 2.5 V        ; 0 s                 ; 0 s                 ; 2.32 V                       ; 3.52e-07 V                   ; 2.42 V              ; -0.0568 V           ; 0.173 V                              ; 0.113 V                              ; 4.5e-10 s                   ; 4.35e-10 s                  ; No                         ; No                         ; 2.32 V                      ; 3.52e-07 V                  ; 2.42 V             ; -0.0568 V          ; 0.173 V                             ; 0.113 V                             ; 4.5e-10 s                  ; 4.35e-10 s                 ; No                        ; No                        ;
; vga_r[2]    ; 2.5 V        ; 0 s                 ; 0 s                 ; 2.32 V                       ; 3.52e-07 V                   ; 2.42 V              ; -0.0557 V           ; 0.175 V                              ; 0.114 V                              ; 4.5e-10 s                   ; 4.35e-10 s                  ; No                         ; No                         ; 2.32 V                      ; 3.52e-07 V                  ; 2.42 V             ; -0.0557 V          ; 0.175 V                             ; 0.114 V                             ; 4.5e-10 s                  ; 4.35e-10 s                 ; No                        ; No                        ;
; vga_r[3]    ; 2.5 V        ; 0 s                 ; 0 s                 ; 2.32 V                       ; 3.52e-07 V                   ; 2.42 V              ; -0.0568 V           ; 0.173 V                              ; 0.113 V                              ; 4.5e-10 s                   ; 4.35e-10 s                  ; No                         ; No                         ; 2.32 V                      ; 3.52e-07 V                  ; 2.42 V             ; -0.0568 V          ; 0.173 V                             ; 0.113 V                             ; 4.5e-10 s                  ; 4.35e-10 s                 ; No                        ; No                        ;
; vga_r[4]    ; 2.5 V        ; 0 s                 ; 0 s                 ; 2.32 V                       ; 3.52e-07 V                   ; 2.42 V              ; -0.0557 V           ; 0.175 V                              ; 0.114 V                              ; 4.5e-10 s                   ; 4.35e-10 s                  ; No                         ; No                         ; 2.32 V                      ; 3.52e-07 V                  ; 2.42 V             ; -0.0557 V          ; 0.175 V                             ; 0.114 V                             ; 4.5e-10 s                  ; 4.35e-10 s                 ; No                        ; No                        ;
; vga_r[5]    ; 2.5 V        ; 0 s                 ; 0 s                 ; 2.32 V                       ; 3.52e-07 V                   ; 2.42 V              ; -0.0557 V           ; 0.175 V                              ; 0.114 V                              ; 4.5e-10 s                   ; 4.35e-10 s                  ; No                         ; No                         ; 2.32 V                      ; 3.52e-07 V                  ; 2.42 V             ; -0.0557 V          ; 0.175 V                             ; 0.114 V                             ; 4.5e-10 s                  ; 4.35e-10 s                 ; No                        ; No                        ;
; vga_r[6]    ; 2.5 V        ; 0 s                 ; 0 s                 ; 2.32 V                       ; 3.52e-07 V                   ; 2.42 V              ; -0.0568 V           ; 0.173 V                              ; 0.113 V                              ; 4.5e-10 s                   ; 4.35e-10 s                  ; No                         ; No                         ; 2.32 V                      ; 3.52e-07 V                  ; 2.42 V             ; -0.0568 V          ; 0.173 V                             ; 0.113 V                             ; 4.5e-10 s                  ; 4.35e-10 s                 ; No                        ; No                        ;
; vga_r[7]    ; 2.5 V        ; 0 s                 ; 0 s                 ; 2.32 V                       ; 3.52e-07 V                   ; 2.42 V              ; -0.0568 V           ; 0.173 V                              ; 0.113 V                              ; 4.5e-10 s                   ; 4.35e-10 s                  ; No                         ; No                         ; 2.32 V                      ; 3.52e-07 V                  ; 2.42 V             ; -0.0568 V          ; 0.173 V                             ; 0.113 V                             ; 4.5e-10 s                  ; 4.35e-10 s                 ; No                        ; No                        ;
; vga_g[0]    ; 2.5 V        ; 0 s                 ; 0 s                 ; 2.32 V                       ; 3.52e-07 V                   ; 2.42 V              ; -0.0557 V           ; 0.175 V                              ; 0.114 V                              ; 4.5e-10 s                   ; 4.35e-10 s                  ; No                         ; No                         ; 2.32 V                      ; 3.52e-07 V                  ; 2.42 V             ; -0.0557 V          ; 0.175 V                             ; 0.114 V                             ; 4.5e-10 s                  ; 4.35e-10 s                 ; No                        ; No                        ;
; vga_g[1]    ; 2.5 V        ; 0 s                 ; 0 s                 ; 2.32 V                       ; 3.52e-07 V                   ; 2.42 V              ; -0.0557 V           ; 0.175 V                              ; 0.114 V                              ; 4.5e-10 s                   ; 4.35e-10 s                  ; No                         ; No                         ; 2.32 V                      ; 3.52e-07 V                  ; 2.42 V             ; -0.0557 V          ; 0.175 V                             ; 0.114 V                             ; 4.5e-10 s                  ; 4.35e-10 s                 ; No                        ; No                        ;
; vga_g[2]    ; 2.5 V        ; 0 s                 ; 0 s                 ; 2.32 V                       ; 3.52e-07 V                   ; 2.42 V              ; -0.0557 V           ; 0.175 V                              ; 0.114 V                              ; 4.5e-10 s                   ; 4.35e-10 s                  ; No                         ; No                         ; 2.32 V                      ; 3.52e-07 V                  ; 2.42 V             ; -0.0557 V          ; 0.175 V                             ; 0.114 V                             ; 4.5e-10 s                  ; 4.35e-10 s                 ; No                        ; No                        ;
; vga_g[3]    ; 2.5 V        ; 0 s                 ; 0 s                 ; 2.32 V                       ; 3.52e-07 V                   ; 2.42 V              ; -0.0557 V           ; 0.175 V                              ; 0.114 V                              ; 4.5e-10 s                   ; 4.35e-10 s                  ; No                         ; No                         ; 2.32 V                      ; 3.52e-07 V                  ; 2.42 V             ; -0.0557 V          ; 0.175 V                             ; 0.114 V                             ; 4.5e-10 s                  ; 4.35e-10 s                 ; No                        ; No                        ;
; vga_g[4]    ; 2.5 V        ; 0 s                 ; 0 s                 ; 2.32 V                       ; 3.52e-07 V                   ; 2.42 V              ; -0.0568 V           ; 0.173 V                              ; 0.113 V                              ; 4.5e-10 s                   ; 4.35e-10 s                  ; No                         ; No                         ; 2.32 V                      ; 3.52e-07 V                  ; 2.42 V             ; -0.0568 V          ; 0.173 V                             ; 0.113 V                             ; 4.5e-10 s                  ; 4.35e-10 s                 ; No                        ; No                        ;
; vga_g[5]    ; 2.5 V        ; 0 s                 ; 0 s                 ; 2.32 V                       ; 3.52e-07 V                   ; 2.42 V              ; -0.0557 V           ; 0.175 V                              ; 0.114 V                              ; 4.5e-10 s                   ; 4.35e-10 s                  ; No                         ; No                         ; 2.32 V                      ; 3.52e-07 V                  ; 2.42 V             ; -0.0557 V          ; 0.175 V                             ; 0.114 V                             ; 4.5e-10 s                  ; 4.35e-10 s                 ; No                        ; No                        ;
; vga_g[6]    ; 2.5 V        ; 0 s                 ; 0 s                 ; 2.32 V                       ; 3.52e-07 V                   ; 2.42 V              ; -0.0568 V           ; 0.173 V                              ; 0.113 V                              ; 4.5e-10 s                   ; 4.35e-10 s                  ; No                         ; No                         ; 2.32 V                      ; 3.52e-07 V                  ; 2.42 V             ; -0.0568 V          ; 0.173 V                             ; 0.113 V                             ; 4.5e-10 s                  ; 4.35e-10 s                 ; No                        ; No                        ;
; vga_g[7]    ; 2.5 V        ; 0 s                 ; 0 s                 ; 2.32 V                       ; 3.52e-07 V                   ; 2.42 V              ; -0.0568 V           ; 0.173 V                              ; 0.113 V                              ; 4.5e-10 s                   ; 4.35e-10 s                  ; No                         ; No                         ; 2.32 V                      ; 3.52e-07 V                  ; 2.42 V             ; -0.0568 V          ; 0.173 V                             ; 0.113 V                             ; 4.5e-10 s                  ; 4.35e-10 s                 ; No                        ; No                        ;
; vga_b[0]    ; 2.5 V        ; 0 s                 ; 0 s                 ; 2.32 V                       ; 3.52e-07 V                   ; 2.42 V              ; -0.0557 V           ; 0.175 V                              ; 0.114 V                              ; 4.5e-10 s                   ; 4.35e-10 s                  ; No                         ; No                         ; 2.32 V                      ; 3.52e-07 V                  ; 2.42 V             ; -0.0557 V          ; 0.175 V                             ; 0.114 V                             ; 4.5e-10 s                  ; 4.35e-10 s                 ; No                        ; No                        ;
; vga_b[1]    ; 2.5 V        ; 0 s                 ; 0 s                 ; 2.32 V                       ; 3.52e-07 V                   ; 2.42 V              ; -0.0568 V           ; 0.173 V                              ; 0.113 V                              ; 4.5e-10 s                   ; 4.35e-10 s                  ; No                         ; No                         ; 2.32 V                      ; 3.52e-07 V                  ; 2.42 V             ; -0.0568 V          ; 0.173 V                             ; 0.113 V                             ; 4.5e-10 s                  ; 4.35e-10 s                 ; No                        ; No                        ;
; vga_b[2]    ; 2.5 V        ; 0 s                 ; 0 s                 ; 2.32 V                       ; 3.07e-07 V                   ; 2.36 V              ; -0.0231 V           ; 0.14 V                               ; 0.089 V                              ; 4.52e-10 s                  ; 4.35e-10 s                  ; No                         ; Yes                        ; 2.32 V                      ; 3.07e-07 V                  ; 2.36 V             ; -0.0231 V          ; 0.14 V                              ; 0.089 V                             ; 4.52e-10 s                 ; 4.35e-10 s                 ; No                        ; Yes                       ;
; vga_b[3]    ; 2.5 V        ; 0 s                 ; 0 s                 ; 2.32 V                       ; 3.52e-07 V                   ; 2.42 V              ; -0.0568 V           ; 0.173 V                              ; 0.113 V                              ; 4.5e-10 s                   ; 4.35e-10 s                  ; No                         ; No                         ; 2.32 V                      ; 3.52e-07 V                  ; 2.42 V             ; -0.0568 V          ; 0.173 V                             ; 0.113 V                             ; 4.5e-10 s                  ; 4.35e-10 s                 ; No                        ; No                        ;
; vga_b[4]    ; 2.5 V        ; 0 s                 ; 0 s                 ; 2.32 V                       ; 3.52e-07 V                   ; 2.42 V              ; -0.0557 V           ; 0.175 V                              ; 0.114 V                              ; 4.5e-10 s                   ; 4.35e-10 s                  ; No                         ; No                         ; 2.32 V                      ; 3.52e-07 V                  ; 2.42 V             ; -0.0557 V          ; 0.175 V                             ; 0.114 V                             ; 4.5e-10 s                  ; 4.35e-10 s                 ; No                        ; No                        ;
; vga_b[5]    ; 2.5 V        ; 0 s                 ; 0 s                 ; 2.32 V                       ; 3.6e-07 V                    ; 2.41 V              ; -0.0463 V           ; 0.201 V                              ; 0.131 V                              ; 4.61e-10 s                  ; 4.53e-10 s                  ; No                         ; Yes                        ; 2.32 V                      ; 3.6e-07 V                   ; 2.41 V             ; -0.0463 V          ; 0.201 V                             ; 0.131 V                             ; 4.61e-10 s                 ; 4.53e-10 s                 ; No                        ; Yes                       ;
; vga_b[6]    ; 2.5 V        ; 0 s                 ; 0 s                 ; 2.32 V                       ; 3.52e-07 V                   ; 2.42 V              ; -0.0568 V           ; 0.173 V                              ; 0.113 V                              ; 4.5e-10 s                   ; 4.35e-10 s                  ; No                         ; No                         ; 2.32 V                      ; 3.52e-07 V                  ; 2.42 V             ; -0.0568 V          ; 0.173 V                             ; 0.113 V                             ; 4.5e-10 s                  ; 4.35e-10 s                 ; No                        ; No                        ;
; vga_b[7]    ; 2.5 V        ; 0 s                 ; 0 s                 ; 2.32 V                       ; 3.52e-07 V                   ; 2.42 V              ; -0.0557 V           ; 0.175 V                              ; 0.114 V                              ; 4.5e-10 s                   ; 4.35e-10 s                  ; No                         ; No                         ; 2.32 V                      ; 3.52e-07 V                  ; 2.42 V             ; -0.0557 V          ; 0.175 V                             ; 0.114 V                             ; 4.5e-10 s                  ; 4.35e-10 s                 ; No                        ; No                        ;
; HEX0[0]     ; 2.5 V        ; 0 s                 ; 0 s                 ; 2.32 V                       ; 3.07e-07 V                   ; 2.36 V              ; -0.0231 V           ; 0.14 V                               ; 0.089 V                              ; 4.52e-10 s                  ; 4.35e-10 s                  ; No                         ; Yes                        ; 2.32 V                      ; 3.07e-07 V                  ; 2.36 V             ; -0.0231 V          ; 0.14 V                              ; 0.089 V                             ; 4.52e-10 s                 ; 4.35e-10 s                 ; No                        ; Yes                       ;
; HEX0[1]     ; 2.5 V        ; 0 s                 ; 0 s                 ; 2.32 V                       ; 3.6e-07 V                    ; 2.41 V              ; -0.0463 V           ; 0.201 V                              ; 0.131 V                              ; 4.61e-10 s                  ; 4.53e-10 s                  ; No                         ; Yes                        ; 2.32 V                      ; 3.6e-07 V                   ; 2.41 V             ; -0.0463 V          ; 0.201 V                             ; 0.131 V                             ; 4.61e-10 s                 ; 4.53e-10 s                 ; No                        ; Yes                       ;
; HEX0[2]     ; 2.5 V        ; 0 s                 ; 0 s                 ; 2.32 V                       ; 3.52e-07 V                   ; 2.42 V              ; -0.0557 V           ; 0.175 V                              ; 0.114 V                              ; 4.5e-10 s                   ; 4.35e-10 s                  ; No                         ; No                         ; 2.32 V                      ; 3.52e-07 V                  ; 2.42 V             ; -0.0557 V          ; 0.175 V                             ; 0.114 V                             ; 4.5e-10 s                  ; 4.35e-10 s                 ; No                        ; No                        ;
; HEX0[3]     ; 2.5 V        ; 0 s                 ; 0 s                 ; 2.32 V                       ; 3.52e-07 V                   ; 2.42 V              ; -0.0568 V           ; 0.173 V                              ; 0.113 V                              ; 4.5e-10 s                   ; 4.35e-10 s                  ; No                         ; No                         ; 2.32 V                      ; 3.52e-07 V                  ; 2.42 V             ; -0.0568 V          ; 0.173 V                             ; 0.113 V                             ; 4.5e-10 s                  ; 4.35e-10 s                 ; No                        ; No                        ;
; HEX0[4]     ; 2.5 V        ; 0 s                 ; 0 s                 ; 2.32 V                       ; 3.52e-07 V                   ; 2.42 V              ; -0.0568 V           ; 0.173 V                              ; 0.113 V                              ; 4.5e-10 s                   ; 4.35e-10 s                  ; No                         ; No                         ; 2.32 V                      ; 3.52e-07 V                  ; 2.42 V             ; -0.0568 V          ; 0.173 V                             ; 0.113 V                             ; 4.5e-10 s                  ; 4.35e-10 s                 ; No                        ; No                        ;
; HEX0[5]     ; 2.5 V        ; 0 s                 ; 0 s                 ; 2.32 V                       ; 3.52e-07 V                   ; 2.42 V              ; -0.0568 V           ; 0.173 V                              ; 0.113 V                              ; 4.5e-10 s                   ; 4.35e-10 s                  ; No                         ; No                         ; 2.32 V                      ; 3.52e-07 V                  ; 2.42 V             ; -0.0568 V          ; 0.173 V                             ; 0.113 V                             ; 4.5e-10 s                  ; 4.35e-10 s                 ; No                        ; No                        ;
; HEX0[6]     ; 2.5 V        ; 0 s                 ; 0 s                 ; 2.32 V                       ; 3.52e-07 V                   ; 2.42 V              ; -0.0557 V           ; 0.175 V                              ; 0.114 V                              ; 4.5e-10 s                   ; 4.35e-10 s                  ; No                         ; No                         ; 2.32 V                      ; 3.52e-07 V                  ; 2.42 V             ; -0.0557 V          ; 0.175 V                             ; 0.114 V                             ; 4.5e-10 s                  ; 4.35e-10 s                 ; No                        ; No                        ;
; HEX1[0]     ; 2.5 V        ; 0 s                 ; 0 s                 ; 2.32 V                       ; 3.52e-07 V                   ; 2.42 V              ; -0.0557 V           ; 0.175 V                              ; 0.114 V                              ; 4.5e-10 s                   ; 4.35e-10 s                  ; No                         ; No                         ; 2.32 V                      ; 3.52e-07 V                  ; 2.42 V             ; -0.0557 V          ; 0.175 V                             ; 0.114 V                             ; 4.5e-10 s                  ; 4.35e-10 s                 ; No                        ; No                        ;
; HEX1[1]     ; 2.5 V        ; 0 s                 ; 0 s                 ; 2.32 V                       ; 3.6e-07 V                    ; 2.41 V              ; -0.0463 V           ; 0.201 V                              ; 0.131 V                              ; 4.61e-10 s                  ; 4.53e-10 s                  ; No                         ; Yes                        ; 2.32 V                      ; 3.6e-07 V                   ; 2.41 V             ; -0.0463 V          ; 0.201 V                             ; 0.131 V                             ; 4.61e-10 s                 ; 4.53e-10 s                 ; No                        ; Yes                       ;
; HEX1[2]     ; 2.5 V        ; 0 s                 ; 0 s                 ; 2.32 V                       ; 3.52e-07 V                   ; 2.42 V              ; -0.0568 V           ; 0.173 V                              ; 0.113 V                              ; 4.5e-10 s                   ; 4.35e-10 s                  ; No                         ; No                         ; 2.32 V                      ; 3.52e-07 V                  ; 2.42 V             ; -0.0568 V          ; 0.173 V                             ; 0.113 V                             ; 4.5e-10 s                  ; 4.35e-10 s                 ; No                        ; No                        ;
; HEX1[3]     ; 2.5 V        ; 0 s                 ; 0 s                 ; 2.32 V                       ; 3.07e-07 V                   ; 2.36 V              ; -0.0231 V           ; 0.14 V                               ; 0.089 V                              ; 4.52e-10 s                  ; 4.35e-10 s                  ; No                         ; Yes                        ; 2.32 V                      ; 3.07e-07 V                  ; 2.36 V             ; -0.0231 V          ; 0.14 V                              ; 0.089 V                             ; 4.52e-10 s                 ; 4.35e-10 s                 ; No                        ; Yes                       ;
; HEX1[4]     ; 2.5 V        ; 0 s                 ; 0 s                 ; 2.32 V                       ; 3.6e-07 V                    ; 2.41 V              ; -0.0463 V           ; 0.201 V                              ; 0.131 V                              ; 4.61e-10 s                  ; 4.53e-10 s                  ; No                         ; Yes                        ; 2.32 V                      ; 3.6e-07 V                   ; 2.41 V             ; -0.0463 V          ; 0.201 V                             ; 0.131 V                             ; 4.61e-10 s                 ; 4.53e-10 s                 ; No                        ; Yes                       ;
; HEX1[5]     ; 2.5 V        ; 0 s                 ; 0 s                 ; 2.32 V                       ; 3.6e-07 V                    ; 2.41 V              ; -0.0463 V           ; 0.201 V                              ; 0.131 V                              ; 4.61e-10 s                  ; 4.53e-10 s                  ; No                         ; Yes                        ; 2.32 V                      ; 3.6e-07 V                   ; 2.41 V             ; -0.0463 V          ; 0.201 V                             ; 0.131 V                             ; 4.61e-10 s                 ; 4.53e-10 s                 ; No                        ; Yes                       ;
; HEX1[6]     ; 2.5 V        ; 0 s                 ; 0 s                 ; 2.32 V                       ; 3.6e-07 V                    ; 2.41 V              ; -0.0463 V           ; 0.201 V                              ; 0.131 V                              ; 4.61e-10 s                  ; 4.53e-10 s                  ; No                         ; Yes                        ; 2.32 V                      ; 3.6e-07 V                   ; 2.41 V             ; -0.0463 V          ; 0.201 V                             ; 0.131 V                             ; 4.61e-10 s                 ; 4.53e-10 s                 ; No                        ; Yes                       ;
; HEX2[0]     ; 2.5 V        ; 0 s                 ; 0 s                 ; 2.32 V                       ; 3.6e-07 V                    ; 2.41 V              ; -0.0463 V           ; 0.201 V                              ; 0.131 V                              ; 4.61e-10 s                  ; 4.53e-10 s                  ; No                         ; Yes                        ; 2.32 V                      ; 3.6e-07 V                   ; 2.41 V             ; -0.0463 V          ; 0.201 V                             ; 0.131 V                             ; 4.61e-10 s                 ; 4.53e-10 s                 ; No                        ; Yes                       ;
; HEX2[1]     ; 2.5 V        ; 0 s                 ; 0 s                 ; 2.32 V                       ; 3.07e-07 V                   ; 2.36 V              ; -0.0231 V           ; 0.14 V                               ; 0.089 V                              ; 4.52e-10 s                  ; 4.35e-10 s                  ; No                         ; Yes                        ; 2.32 V                      ; 3.07e-07 V                  ; 2.36 V             ; -0.0231 V          ; 0.14 V                              ; 0.089 V                             ; 4.52e-10 s                 ; 4.35e-10 s                 ; No                        ; Yes                       ;
; HEX2[2]     ; 2.5 V        ; 0 s                 ; 0 s                 ; 2.32 V                       ; 3.07e-07 V                   ; 2.36 V              ; -0.0231 V           ; 0.14 V                               ; 0.089 V                              ; 4.52e-10 s                  ; 4.35e-10 s                  ; No                         ; Yes                        ; 2.32 V                      ; 3.07e-07 V                  ; 2.36 V             ; -0.0231 V          ; 0.14 V                              ; 0.089 V                             ; 4.52e-10 s                 ; 4.35e-10 s                 ; No                        ; Yes                       ;
; HEX2[3]     ; 2.5 V        ; 0 s                 ; 0 s                 ; 2.32 V                       ; 3.6e-07 V                    ; 2.41 V              ; -0.0463 V           ; 0.201 V                              ; 0.131 V                              ; 4.61e-10 s                  ; 4.53e-10 s                  ; No                         ; Yes                        ; 2.32 V                      ; 3.6e-07 V                   ; 2.41 V             ; -0.0463 V          ; 0.201 V                             ; 0.131 V                             ; 4.61e-10 s                 ; 4.53e-10 s                 ; No                        ; Yes                       ;
; HEX2[4]     ; 2.5 V        ; 0 s                 ; 0 s                 ; 2.32 V                       ; 3.6e-07 V                    ; 2.41 V              ; -0.0463 V           ; 0.201 V                              ; 0.131 V                              ; 4.61e-10 s                  ; 4.53e-10 s                  ; No                         ; Yes                        ; 2.32 V                      ; 3.6e-07 V                   ; 2.41 V             ; -0.0463 V          ; 0.201 V                             ; 0.131 V                             ; 4.61e-10 s                 ; 4.53e-10 s                 ; No                        ; Yes                       ;
; HEX2[5]     ; 2.5 V        ; 0 s                 ; 0 s                 ; 2.32 V                       ; 3.07e-07 V                   ; 2.36 V              ; -0.0231 V           ; 0.14 V                               ; 0.089 V                              ; 4.52e-10 s                  ; 4.35e-10 s                  ; No                         ; Yes                        ; 2.32 V                      ; 3.07e-07 V                  ; 2.36 V             ; -0.0231 V          ; 0.14 V                              ; 0.089 V                             ; 4.52e-10 s                 ; 4.35e-10 s                 ; No                        ; Yes                       ;
; HEX2[6]     ; 2.5 V        ; 0 s                 ; 0 s                 ; 2.32 V                       ; 3.07e-07 V                   ; 2.36 V              ; -0.0231 V           ; 0.14 V                               ; 0.089 V                              ; 4.52e-10 s                  ; 4.35e-10 s                  ; No                         ; Yes                        ; 2.32 V                      ; 3.07e-07 V                  ; 2.36 V             ; -0.0231 V          ; 0.14 V                              ; 0.089 V                             ; 4.52e-10 s                 ; 4.35e-10 s                 ; No                        ; Yes                       ;
; HEX3[0]     ; 2.5 V        ; 0 s                 ; 0 s                 ; 2.32 V                       ; 3.6e-07 V                    ; 2.41 V              ; -0.0463 V           ; 0.201 V                              ; 0.131 V                              ; 4.61e-10 s                  ; 4.53e-10 s                  ; No                         ; Yes                        ; 2.32 V                      ; 3.6e-07 V                   ; 2.41 V             ; -0.0463 V          ; 0.201 V                             ; 0.131 V                             ; 4.61e-10 s                 ; 4.53e-10 s                 ; No                        ; Yes                       ;
; HEX3[1]     ; 2.5 V        ; 0 s                 ; 0 s                 ; 2.32 V                       ; 3.07e-07 V                   ; 2.36 V              ; -0.0231 V           ; 0.14 V                               ; 0.089 V                              ; 4.52e-10 s                  ; 4.35e-10 s                  ; No                         ; Yes                        ; 2.32 V                      ; 3.07e-07 V                  ; 2.36 V             ; -0.0231 V          ; 0.14 V                              ; 0.089 V                             ; 4.52e-10 s                 ; 4.35e-10 s                 ; No                        ; Yes                       ;
; HEX3[2]     ; 2.5 V        ; 0 s                 ; 0 s                 ; 2.32 V                       ; 3.07e-07 V                   ; 2.36 V              ; -0.0231 V           ; 0.14 V                               ; 0.089 V                              ; 4.52e-10 s                  ; 4.35e-10 s                  ; No                         ; Yes                        ; 2.32 V                      ; 3.07e-07 V                  ; 2.36 V             ; -0.0231 V          ; 0.14 V                              ; 0.089 V                             ; 4.52e-10 s                 ; 4.35e-10 s                 ; No                        ; Yes                       ;
; HEX3[3]     ; 2.5 V        ; 0 s                 ; 0 s                 ; 2.32 V                       ; 3.07e-07 V                   ; 2.36 V              ; -0.0231 V           ; 0.14 V                               ; 0.089 V                              ; 4.52e-10 s                  ; 4.35e-10 s                  ; No                         ; Yes                        ; 2.32 V                      ; 3.07e-07 V                  ; 2.36 V             ; -0.0231 V          ; 0.14 V                              ; 0.089 V                             ; 4.52e-10 s                 ; 4.35e-10 s                 ; No                        ; Yes                       ;
; HEX3[4]     ; 2.5 V        ; 0 s                 ; 0 s                 ; 2.32 V                       ; 3.6e-07 V                    ; 2.41 V              ; -0.0463 V           ; 0.201 V                              ; 0.131 V                              ; 4.61e-10 s                  ; 4.53e-10 s                  ; No                         ; Yes                        ; 2.32 V                      ; 3.6e-07 V                   ; 2.41 V             ; -0.0463 V          ; 0.201 V                             ; 0.131 V                             ; 4.61e-10 s                 ; 4.53e-10 s                 ; No                        ; Yes                       ;
; HEX3[5]     ; 2.5 V        ; 0 s                 ; 0 s                 ; 2.32 V                       ; 3.07e-07 V                   ; 2.36 V              ; -0.0231 V           ; 0.14 V                               ; 0.089 V                              ; 4.52e-10 s                  ; 4.35e-10 s                  ; No                         ; Yes                        ; 2.32 V                      ; 3.07e-07 V                  ; 2.36 V             ; -0.0231 V          ; 0.14 V                              ; 0.089 V                             ; 4.52e-10 s                 ; 4.35e-10 s                 ; No                        ; Yes                       ;
; HEX3[6]     ; 2.5 V        ; 0 s                 ; 0 s                 ; 2.32 V                       ; 3.6e-07 V                    ; 2.41 V              ; -0.0463 V           ; 0.201 V                              ; 0.131 V                              ; 4.61e-10 s                  ; 4.53e-10 s                  ; No                         ; Yes                        ; 2.32 V                      ; 3.6e-07 V                   ; 2.41 V             ; -0.0463 V          ; 0.201 V                             ; 0.131 V                             ; 4.61e-10 s                 ; 4.53e-10 s                 ; No                        ; Yes                       ;
+-------------+--------------+---------------------+---------------------+------------------------------+------------------------------+---------------------+---------------------+--------------------------------------+--------------------------------------+-----------------------------+-----------------------------+----------------------------+----------------------------+-----------------------------+-----------------------------+--------------------+--------------------+-------------------------------------+-------------------------------------+----------------------------+----------------------------+---------------------------+---------------------------+


+------------------------------------------------------------------------------------------------------------------------------------------------------------------------------------------------------------------------------------------------------------------------------------------------------------------------------------------------------------------------------------------------------------------------------------------------------------------------------------------------------------------------------------------------------------------------------------------------------------------------------------------------------------------------------------------+
; Signal Integrity Metrics (Slow 1100mv 85c Model)                                                                                                                                                                                                                                                                                                                                                                                                                                                                                                                                                                                                                                         ;
+-------------+--------------+---------------------+---------------------+------------------------------+------------------------------+---------------------+---------------------+--------------------------------------+--------------------------------------+-----------------------------+-----------------------------+----------------------------+----------------------------+-----------------------------+-----------------------------+--------------------+--------------------+-------------------------------------+-------------------------------------+----------------------------+----------------------------+---------------------------+---------------------------+
; Pin         ; I/O Standard ; Board Delay on Rise ; Board Delay on Fall ; Steady State Voh at FPGA Pin ; Steady State Vol at FPGA Pin ; Voh Max at FPGA Pin ; Vol Min at FPGA Pin ; Ringback Voltage on Rise at FPGA Pin ; Ringback Voltage on Fall at FPGA Pin ; 10-90 Rise Time at FPGA Pin ; 90-10 Fall Time at FPGA Pin ; Monotonic Rise at FPGA Pin ; Monotonic Fall at FPGA Pin ; Steady State Voh at Far-end ; Steady State Vol at Far-end ; Voh Max at Far-end ; Vol Min at Far-end ; Ringback Voltage on Rise at Far-end ; Ringback Voltage on Fall at Far-end ; 10-90 Rise Time at Far-end ; 90-10 Fall Time at Far-end ; Monotonic Rise at Far-end ; Monotonic Fall at Far-end ;
+-------------+--------------+---------------------+---------------------+------------------------------+------------------------------+---------------------+---------------------+--------------------------------------+--------------------------------------+-----------------------------+-----------------------------+----------------------------+----------------------------+-----------------------------+-----------------------------+--------------------+--------------------+-------------------------------------+-------------------------------------+----------------------------+----------------------------+---------------------------+---------------------------+
; hsync       ; 2.5 V        ; 0 s                 ; 0 s                 ; 2.32 V                       ; 3.88e-05 V                   ; 2.39 V              ; -0.037 V            ; 0.188 V                              ; 0.158 V                              ; 4.67e-10 s                  ; 4.67e-10 s                  ; No                         ; Yes                        ; 2.32 V                      ; 3.88e-05 V                  ; 2.39 V             ; -0.037 V           ; 0.188 V                             ; 0.158 V                             ; 4.67e-10 s                 ; 4.67e-10 s                 ; No                        ; Yes                       ;
; vsync       ; 2.5 V        ; 0 s                 ; 0 s                 ; 2.32 V                       ; 3.49e-05 V                   ; 2.34 V              ; -0.0118 V           ; 0.182 V                              ; 0.051 V                              ; 4.81e-10 s                  ; 4.83e-10 s                  ; Yes                        ; Yes                        ; 2.32 V                      ; 3.49e-05 V                  ; 2.34 V             ; -0.0118 V          ; 0.182 V                             ; 0.051 V                             ; 4.81e-10 s                 ; 4.83e-10 s                 ; Yes                       ; Yes                       ;
; vga_clk     ; 2.5 V        ; 0 s                 ; 0 s                 ; 2.32 V                       ; 3.88e-05 V                   ; 2.39 V              ; -0.0374 V           ; 0.189 V                              ; 0.158 V                              ; 4.66e-10 s                  ; 4.67e-10 s                  ; No                         ; Yes                        ; 2.32 V                      ; 3.88e-05 V                  ; 2.39 V             ; -0.0374 V          ; 0.189 V                             ; 0.158 V                             ; 4.66e-10 s                 ; 4.67e-10 s                 ; No                        ; Yes                       ;
; vga_blank_n ; 2.5 V        ; 0 s                 ; 0 s                 ; 2.32 V                       ; 3.88e-05 V                   ; 2.39 V              ; -0.037 V            ; 0.188 V                              ; 0.158 V                              ; 4.67e-10 s                  ; 4.67e-10 s                  ; No                         ; Yes                        ; 2.32 V                      ; 3.88e-05 V                  ; 2.39 V             ; -0.037 V           ; 0.188 V                             ; 0.158 V                             ; 4.67e-10 s                 ; 4.67e-10 s                 ; No                        ; Yes                       ;
; vga_sync_n  ; 2.5 V        ; 0 s                 ; 0 s                 ; 2.32 V                       ; 3.88e-05 V                   ; 2.39 V              ; -0.037 V            ; 0.188 V                              ; 0.158 V                              ; 4.67e-10 s                  ; 4.67e-10 s                  ; No                         ; Yes                        ; 2.32 V                      ; 3.88e-05 V                  ; 2.39 V             ; -0.037 V           ; 0.188 V                             ; 0.158 V                             ; 4.67e-10 s                 ; 4.67e-10 s                 ; No                        ; Yes                       ;
; vga_r[0]    ; 2.5 V        ; 0 s                 ; 0 s                 ; 2.32 V                       ; 3.88e-05 V                   ; 2.39 V              ; -0.037 V            ; 0.188 V                              ; 0.158 V                              ; 4.67e-10 s                  ; 4.67e-10 s                  ; No                         ; Yes                        ; 2.32 V                      ; 3.88e-05 V                  ; 2.39 V             ; -0.037 V           ; 0.188 V                             ; 0.158 V                             ; 4.67e-10 s                 ; 4.67e-10 s                 ; No                        ; Yes                       ;
; vga_r[1]    ; 2.5 V        ; 0 s                 ; 0 s                 ; 2.32 V                       ; 3.88e-05 V                   ; 2.39 V              ; -0.0374 V           ; 0.189 V                              ; 0.158 V                              ; 4.66e-10 s                  ; 4.67e-10 s                  ; No                         ; Yes                        ; 2.32 V                      ; 3.88e-05 V                  ; 2.39 V             ; -0.0374 V          ; 0.189 V                             ; 0.158 V                             ; 4.66e-10 s                 ; 4.67e-10 s                 ; No                        ; Yes                       ;
; vga_r[2]    ; 2.5 V        ; 0 s                 ; 0 s                 ; 2.32 V                       ; 3.88e-05 V                   ; 2.39 V              ; -0.037 V            ; 0.188 V                              ; 0.158 V                              ; 4.67e-10 s                  ; 4.67e-10 s                  ; No                         ; Yes                        ; 2.32 V                      ; 3.88e-05 V                  ; 2.39 V             ; -0.037 V           ; 0.188 V                             ; 0.158 V                             ; 4.67e-10 s                 ; 4.67e-10 s                 ; No                        ; Yes                       ;
; vga_r[3]    ; 2.5 V        ; 0 s                 ; 0 s                 ; 2.32 V                       ; 3.88e-05 V                   ; 2.39 V              ; -0.0374 V           ; 0.189 V                              ; 0.158 V                              ; 4.66e-10 s                  ; 4.67e-10 s                  ; No                         ; Yes                        ; 2.32 V                      ; 3.88e-05 V                  ; 2.39 V             ; -0.0374 V          ; 0.189 V                             ; 0.158 V                             ; 4.66e-10 s                 ; 4.67e-10 s                 ; No                        ; Yes                       ;
; vga_r[4]    ; 2.5 V        ; 0 s                 ; 0 s                 ; 2.32 V                       ; 3.88e-05 V                   ; 2.39 V              ; -0.037 V            ; 0.188 V                              ; 0.158 V                              ; 4.67e-10 s                  ; 4.67e-10 s                  ; No                         ; Yes                        ; 2.32 V                      ; 3.88e-05 V                  ; 2.39 V             ; -0.037 V           ; 0.188 V                             ; 0.158 V                             ; 4.67e-10 s                 ; 4.67e-10 s                 ; No                        ; Yes                       ;
; vga_r[5]    ; 2.5 V        ; 0 s                 ; 0 s                 ; 2.32 V                       ; 3.88e-05 V                   ; 2.39 V              ; -0.037 V            ; 0.188 V                              ; 0.158 V                              ; 4.67e-10 s                  ; 4.67e-10 s                  ; No                         ; Yes                        ; 2.32 V                      ; 3.88e-05 V                  ; 2.39 V             ; -0.037 V           ; 0.188 V                             ; 0.158 V                             ; 4.67e-10 s                 ; 4.67e-10 s                 ; No                        ; Yes                       ;
; vga_r[6]    ; 2.5 V        ; 0 s                 ; 0 s                 ; 2.32 V                       ; 3.88e-05 V                   ; 2.39 V              ; -0.0374 V           ; 0.189 V                              ; 0.158 V                              ; 4.66e-10 s                  ; 4.67e-10 s                  ; No                         ; Yes                        ; 2.32 V                      ; 3.88e-05 V                  ; 2.39 V             ; -0.0374 V          ; 0.189 V                             ; 0.158 V                             ; 4.66e-10 s                 ; 4.67e-10 s                 ; No                        ; Yes                       ;
; vga_r[7]    ; 2.5 V        ; 0 s                 ; 0 s                 ; 2.32 V                       ; 3.88e-05 V                   ; 2.39 V              ; -0.0374 V           ; 0.189 V                              ; 0.158 V                              ; 4.66e-10 s                  ; 4.67e-10 s                  ; No                         ; Yes                        ; 2.32 V                      ; 3.88e-05 V                  ; 2.39 V             ; -0.0374 V          ; 0.189 V                             ; 0.158 V                             ; 4.66e-10 s                 ; 4.67e-10 s                 ; No                        ; Yes                       ;
; vga_g[0]    ; 2.5 V        ; 0 s                 ; 0 s                 ; 2.32 V                       ; 3.88e-05 V                   ; 2.39 V              ; -0.037 V            ; 0.188 V                              ; 0.158 V                              ; 4.67e-10 s                  ; 4.67e-10 s                  ; No                         ; Yes                        ; 2.32 V                      ; 3.88e-05 V                  ; 2.39 V             ; -0.037 V           ; 0.188 V                             ; 0.158 V                             ; 4.67e-10 s                 ; 4.67e-10 s                 ; No                        ; Yes                       ;
; vga_g[1]    ; 2.5 V        ; 0 s                 ; 0 s                 ; 2.32 V                       ; 3.88e-05 V                   ; 2.39 V              ; -0.037 V            ; 0.188 V                              ; 0.158 V                              ; 4.67e-10 s                  ; 4.67e-10 s                  ; No                         ; Yes                        ; 2.32 V                      ; 3.88e-05 V                  ; 2.39 V             ; -0.037 V           ; 0.188 V                             ; 0.158 V                             ; 4.67e-10 s                 ; 4.67e-10 s                 ; No                        ; Yes                       ;
; vga_g[2]    ; 2.5 V        ; 0 s                 ; 0 s                 ; 2.32 V                       ; 3.88e-05 V                   ; 2.39 V              ; -0.037 V            ; 0.188 V                              ; 0.158 V                              ; 4.67e-10 s                  ; 4.67e-10 s                  ; No                         ; Yes                        ; 2.32 V                      ; 3.88e-05 V                  ; 2.39 V             ; -0.037 V           ; 0.188 V                             ; 0.158 V                             ; 4.67e-10 s                 ; 4.67e-10 s                 ; No                        ; Yes                       ;
; vga_g[3]    ; 2.5 V        ; 0 s                 ; 0 s                 ; 2.32 V                       ; 3.88e-05 V                   ; 2.39 V              ; -0.037 V            ; 0.188 V                              ; 0.158 V                              ; 4.67e-10 s                  ; 4.67e-10 s                  ; No                         ; Yes                        ; 2.32 V                      ; 3.88e-05 V                  ; 2.39 V             ; -0.037 V           ; 0.188 V                             ; 0.158 V                             ; 4.67e-10 s                 ; 4.67e-10 s                 ; No                        ; Yes                       ;
; vga_g[4]    ; 2.5 V        ; 0 s                 ; 0 s                 ; 2.32 V                       ; 3.88e-05 V                   ; 2.39 V              ; -0.0374 V           ; 0.189 V                              ; 0.158 V                              ; 4.66e-10 s                  ; 4.67e-10 s                  ; No                         ; Yes                        ; 2.32 V                      ; 3.88e-05 V                  ; 2.39 V             ; -0.0374 V          ; 0.189 V                             ; 0.158 V                             ; 4.66e-10 s                 ; 4.67e-10 s                 ; No                        ; Yes                       ;
; vga_g[5]    ; 2.5 V        ; 0 s                 ; 0 s                 ; 2.32 V                       ; 3.88e-05 V                   ; 2.39 V              ; -0.037 V            ; 0.188 V                              ; 0.158 V                              ; 4.67e-10 s                  ; 4.67e-10 s                  ; No                         ; Yes                        ; 2.32 V                      ; 3.88e-05 V                  ; 2.39 V             ; -0.037 V           ; 0.188 V                             ; 0.158 V                             ; 4.67e-10 s                 ; 4.67e-10 s                 ; No                        ; Yes                       ;
; vga_g[6]    ; 2.5 V        ; 0 s                 ; 0 s                 ; 2.32 V                       ; 3.88e-05 V                   ; 2.39 V              ; -0.0374 V           ; 0.189 V                              ; 0.158 V                              ; 4.66e-10 s                  ; 4.67e-10 s                  ; No                         ; Yes                        ; 2.32 V                      ; 3.88e-05 V                  ; 2.39 V             ; -0.0374 V          ; 0.189 V                             ; 0.158 V                             ; 4.66e-10 s                 ; 4.67e-10 s                 ; No                        ; Yes                       ;
; vga_g[7]    ; 2.5 V        ; 0 s                 ; 0 s                 ; 2.32 V                       ; 3.88e-05 V                   ; 2.39 V              ; -0.0374 V           ; 0.189 V                              ; 0.158 V                              ; 4.66e-10 s                  ; 4.67e-10 s                  ; No                         ; Yes                        ; 2.32 V                      ; 3.88e-05 V                  ; 2.39 V             ; -0.0374 V          ; 0.189 V                             ; 0.158 V                             ; 4.66e-10 s                 ; 4.67e-10 s                 ; No                        ; Yes                       ;
; vga_b[0]    ; 2.5 V        ; 0 s                 ; 0 s                 ; 2.32 V                       ; 3.88e-05 V                   ; 2.39 V              ; -0.037 V            ; 0.188 V                              ; 0.158 V                              ; 4.67e-10 s                  ; 4.67e-10 s                  ; No                         ; Yes                        ; 2.32 V                      ; 3.88e-05 V                  ; 2.39 V             ; -0.037 V           ; 0.188 V                             ; 0.158 V                             ; 4.67e-10 s                 ; 4.67e-10 s                 ; No                        ; Yes                       ;
; vga_b[1]    ; 2.5 V        ; 0 s                 ; 0 s                 ; 2.32 V                       ; 3.88e-05 V                   ; 2.39 V              ; -0.0374 V           ; 0.189 V                              ; 0.158 V                              ; 4.66e-10 s                  ; 4.67e-10 s                  ; No                         ; Yes                        ; 2.32 V                      ; 3.88e-05 V                  ; 2.39 V             ; -0.0374 V          ; 0.189 V                             ; 0.158 V                             ; 4.66e-10 s                 ; 4.67e-10 s                 ; No                        ; Yes                       ;
; vga_b[2]    ; 2.5 V        ; 0 s                 ; 0 s                 ; 2.32 V                       ; 3.49e-05 V                   ; 2.34 V              ; -0.0118 V           ; 0.182 V                              ; 0.051 V                              ; 4.81e-10 s                  ; 4.83e-10 s                  ; Yes                        ; Yes                        ; 2.32 V                      ; 3.49e-05 V                  ; 2.34 V             ; -0.0118 V          ; 0.182 V                             ; 0.051 V                             ; 4.81e-10 s                 ; 4.83e-10 s                 ; Yes                       ; Yes                       ;
; vga_b[3]    ; 2.5 V        ; 0 s                 ; 0 s                 ; 2.32 V                       ; 3.88e-05 V                   ; 2.39 V              ; -0.0374 V           ; 0.189 V                              ; 0.158 V                              ; 4.66e-10 s                  ; 4.67e-10 s                  ; No                         ; Yes                        ; 2.32 V                      ; 3.88e-05 V                  ; 2.39 V             ; -0.0374 V          ; 0.189 V                             ; 0.158 V                             ; 4.66e-10 s                 ; 4.67e-10 s                 ; No                        ; Yes                       ;
; vga_b[4]    ; 2.5 V        ; 0 s                 ; 0 s                 ; 2.32 V                       ; 3.88e-05 V                   ; 2.39 V              ; -0.037 V            ; 0.188 V                              ; 0.158 V                              ; 4.67e-10 s                  ; 4.67e-10 s                  ; No                         ; Yes                        ; 2.32 V                      ; 3.88e-05 V                  ; 2.39 V             ; -0.037 V           ; 0.188 V                             ; 0.158 V                             ; 4.67e-10 s                 ; 4.67e-10 s                 ; No                        ; Yes                       ;
; vga_b[5]    ; 2.5 V        ; 0 s                 ; 0 s                 ; 2.32 V                       ; 3.96e-05 V                   ; 2.38 V              ; -0.0306 V           ; 0.23 V                               ; 0.206 V                              ; 4.83e-10 s                  ; 5.01e-10 s                  ; No                         ; Yes                        ; 2.32 V                      ; 3.96e-05 V                  ; 2.38 V             ; -0.0306 V          ; 0.23 V                              ; 0.206 V                             ; 4.83e-10 s                 ; 5.01e-10 s                 ; No                        ; Yes                       ;
; vga_b[6]    ; 2.5 V        ; 0 s                 ; 0 s                 ; 2.32 V                       ; 3.88e-05 V                   ; 2.39 V              ; -0.0374 V           ; 0.189 V                              ; 0.158 V                              ; 4.66e-10 s                  ; 4.67e-10 s                  ; No                         ; Yes                        ; 2.32 V                      ; 3.88e-05 V                  ; 2.39 V             ; -0.0374 V          ; 0.189 V                             ; 0.158 V                             ; 4.66e-10 s                 ; 4.67e-10 s                 ; No                        ; Yes                       ;
; vga_b[7]    ; 2.5 V        ; 0 s                 ; 0 s                 ; 2.32 V                       ; 3.88e-05 V                   ; 2.39 V              ; -0.037 V            ; 0.188 V                              ; 0.158 V                              ; 4.67e-10 s                  ; 4.67e-10 s                  ; No                         ; Yes                        ; 2.32 V                      ; 3.88e-05 V                  ; 2.39 V             ; -0.037 V           ; 0.188 V                             ; 0.158 V                             ; 4.67e-10 s                 ; 4.67e-10 s                 ; No                        ; Yes                       ;
; HEX0[0]     ; 2.5 V        ; 0 s                 ; 0 s                 ; 2.32 V                       ; 3.49e-05 V                   ; 2.34 V              ; -0.0118 V           ; 0.182 V                              ; 0.051 V                              ; 4.81e-10 s                  ; 4.83e-10 s                  ; Yes                        ; Yes                        ; 2.32 V                      ; 3.49e-05 V                  ; 2.34 V             ; -0.0118 V          ; 0.182 V                             ; 0.051 V                             ; 4.81e-10 s                 ; 4.83e-10 s                 ; Yes                       ; Yes                       ;
; HEX0[1]     ; 2.5 V        ; 0 s                 ; 0 s                 ; 2.32 V                       ; 3.96e-05 V                   ; 2.38 V              ; -0.0306 V           ; 0.23 V                               ; 0.206 V                              ; 4.83e-10 s                  ; 5.01e-10 s                  ; No                         ; Yes                        ; 2.32 V                      ; 3.96e-05 V                  ; 2.38 V             ; -0.0306 V          ; 0.23 V                              ; 0.206 V                             ; 4.83e-10 s                 ; 5.01e-10 s                 ; No                        ; Yes                       ;
; HEX0[2]     ; 2.5 V        ; 0 s                 ; 0 s                 ; 2.32 V                       ; 3.88e-05 V                   ; 2.39 V              ; -0.037 V            ; 0.188 V                              ; 0.158 V                              ; 4.67e-10 s                  ; 4.67e-10 s                  ; No                         ; Yes                        ; 2.32 V                      ; 3.88e-05 V                  ; 2.39 V             ; -0.037 V           ; 0.188 V                             ; 0.158 V                             ; 4.67e-10 s                 ; 4.67e-10 s                 ; No                        ; Yes                       ;
; HEX0[3]     ; 2.5 V        ; 0 s                 ; 0 s                 ; 2.32 V                       ; 3.88e-05 V                   ; 2.39 V              ; -0.0374 V           ; 0.189 V                              ; 0.158 V                              ; 4.66e-10 s                  ; 4.67e-10 s                  ; No                         ; Yes                        ; 2.32 V                      ; 3.88e-05 V                  ; 2.39 V             ; -0.0374 V          ; 0.189 V                             ; 0.158 V                             ; 4.66e-10 s                 ; 4.67e-10 s                 ; No                        ; Yes                       ;
; HEX0[4]     ; 2.5 V        ; 0 s                 ; 0 s                 ; 2.32 V                       ; 3.88e-05 V                   ; 2.39 V              ; -0.0374 V           ; 0.189 V                              ; 0.158 V                              ; 4.66e-10 s                  ; 4.67e-10 s                  ; No                         ; Yes                        ; 2.32 V                      ; 3.88e-05 V                  ; 2.39 V             ; -0.0374 V          ; 0.189 V                             ; 0.158 V                             ; 4.66e-10 s                 ; 4.67e-10 s                 ; No                        ; Yes                       ;
; HEX0[5]     ; 2.5 V        ; 0 s                 ; 0 s                 ; 2.32 V                       ; 3.88e-05 V                   ; 2.39 V              ; -0.0374 V           ; 0.189 V                              ; 0.158 V                              ; 4.66e-10 s                  ; 4.67e-10 s                  ; No                         ; Yes                        ; 2.32 V                      ; 3.88e-05 V                  ; 2.39 V             ; -0.0374 V          ; 0.189 V                             ; 0.158 V                             ; 4.66e-10 s                 ; 4.67e-10 s                 ; No                        ; Yes                       ;
; HEX0[6]     ; 2.5 V        ; 0 s                 ; 0 s                 ; 2.32 V                       ; 3.88e-05 V                   ; 2.39 V              ; -0.037 V            ; 0.188 V                              ; 0.158 V                              ; 4.67e-10 s                  ; 4.67e-10 s                  ; No                         ; Yes                        ; 2.32 V                      ; 3.88e-05 V                  ; 2.39 V             ; -0.037 V           ; 0.188 V                             ; 0.158 V                             ; 4.67e-10 s                 ; 4.67e-10 s                 ; No                        ; Yes                       ;
; HEX1[0]     ; 2.5 V        ; 0 s                 ; 0 s                 ; 2.32 V                       ; 3.88e-05 V                   ; 2.39 V              ; -0.037 V            ; 0.188 V                              ; 0.158 V                              ; 4.67e-10 s                  ; 4.67e-10 s                  ; No                         ; Yes                        ; 2.32 V                      ; 3.88e-05 V                  ; 2.39 V             ; -0.037 V           ; 0.188 V                             ; 0.158 V                             ; 4.67e-10 s                 ; 4.67e-10 s                 ; No                        ; Yes                       ;
; HEX1[1]     ; 2.5 V        ; 0 s                 ; 0 s                 ; 2.32 V                       ; 3.96e-05 V                   ; 2.38 V              ; -0.0306 V           ; 0.23 V                               ; 0.206 V                              ; 4.83e-10 s                  ; 5.01e-10 s                  ; No                         ; Yes                        ; 2.32 V                      ; 3.96e-05 V                  ; 2.38 V             ; -0.0306 V          ; 0.23 V                              ; 0.206 V                             ; 4.83e-10 s                 ; 5.01e-10 s                 ; No                        ; Yes                       ;
; HEX1[2]     ; 2.5 V        ; 0 s                 ; 0 s                 ; 2.32 V                       ; 3.88e-05 V                   ; 2.39 V              ; -0.0374 V           ; 0.189 V                              ; 0.158 V                              ; 4.66e-10 s                  ; 4.67e-10 s                  ; No                         ; Yes                        ; 2.32 V                      ; 3.88e-05 V                  ; 2.39 V             ; -0.0374 V          ; 0.189 V                             ; 0.158 V                             ; 4.66e-10 s                 ; 4.67e-10 s                 ; No                        ; Yes                       ;
; HEX1[3]     ; 2.5 V        ; 0 s                 ; 0 s                 ; 2.32 V                       ; 3.49e-05 V                   ; 2.34 V              ; -0.0118 V           ; 0.182 V                              ; 0.051 V                              ; 4.81e-10 s                  ; 4.83e-10 s                  ; Yes                        ; Yes                        ; 2.32 V                      ; 3.49e-05 V                  ; 2.34 V             ; -0.0118 V          ; 0.182 V                             ; 0.051 V                             ; 4.81e-10 s                 ; 4.83e-10 s                 ; Yes                       ; Yes                       ;
; HEX1[4]     ; 2.5 V        ; 0 s                 ; 0 s                 ; 2.32 V                       ; 3.96e-05 V                   ; 2.38 V              ; -0.0306 V           ; 0.23 V                               ; 0.206 V                              ; 4.83e-10 s                  ; 5.01e-10 s                  ; No                         ; Yes                        ; 2.32 V                      ; 3.96e-05 V                  ; 2.38 V             ; -0.0306 V          ; 0.23 V                              ; 0.206 V                             ; 4.83e-10 s                 ; 5.01e-10 s                 ; No                        ; Yes                       ;
; HEX1[5]     ; 2.5 V        ; 0 s                 ; 0 s                 ; 2.32 V                       ; 3.96e-05 V                   ; 2.38 V              ; -0.0306 V           ; 0.23 V                               ; 0.206 V                              ; 4.83e-10 s                  ; 5.01e-10 s                  ; No                         ; Yes                        ; 2.32 V                      ; 3.96e-05 V                  ; 2.38 V             ; -0.0306 V          ; 0.23 V                              ; 0.206 V                             ; 4.83e-10 s                 ; 5.01e-10 s                 ; No                        ; Yes                       ;
; HEX1[6]     ; 2.5 V        ; 0 s                 ; 0 s                 ; 2.32 V                       ; 3.96e-05 V                   ; 2.38 V              ; -0.0306 V           ; 0.23 V                               ; 0.206 V                              ; 4.83e-10 s                  ; 5.01e-10 s                  ; No                         ; Yes                        ; 2.32 V                      ; 3.96e-05 V                  ; 2.38 V             ; -0.0306 V          ; 0.23 V                              ; 0.206 V                             ; 4.83e-10 s                 ; 5.01e-10 s                 ; No                        ; Yes                       ;
; HEX2[0]     ; 2.5 V        ; 0 s                 ; 0 s                 ; 2.32 V                       ; 3.96e-05 V                   ; 2.38 V              ; -0.0306 V           ; 0.23 V                               ; 0.206 V                              ; 4.83e-10 s                  ; 5.01e-10 s                  ; No                         ; Yes                        ; 2.32 V                      ; 3.96e-05 V                  ; 2.38 V             ; -0.0306 V          ; 0.23 V                              ; 0.206 V                             ; 4.83e-10 s                 ; 5.01e-10 s                 ; No                        ; Yes                       ;
; HEX2[1]     ; 2.5 V        ; 0 s                 ; 0 s                 ; 2.32 V                       ; 3.49e-05 V                   ; 2.34 V              ; -0.0118 V           ; 0.182 V                              ; 0.051 V                              ; 4.81e-10 s                  ; 4.83e-10 s                  ; Yes                        ; Yes                        ; 2.32 V                      ; 3.49e-05 V                  ; 2.34 V             ; -0.0118 V          ; 0.182 V                             ; 0.051 V                             ; 4.81e-10 s                 ; 4.83e-10 s                 ; Yes                       ; Yes                       ;
; HEX2[2]     ; 2.5 V        ; 0 s                 ; 0 s                 ; 2.32 V                       ; 3.49e-05 V                   ; 2.34 V              ; -0.0118 V           ; 0.182 V                              ; 0.051 V                              ; 4.81e-10 s                  ; 4.83e-10 s                  ; Yes                        ; Yes                        ; 2.32 V                      ; 3.49e-05 V                  ; 2.34 V             ; -0.0118 V          ; 0.182 V                             ; 0.051 V                             ; 4.81e-10 s                 ; 4.83e-10 s                 ; Yes                       ; Yes                       ;
; HEX2[3]     ; 2.5 V        ; 0 s                 ; 0 s                 ; 2.32 V                       ; 3.96e-05 V                   ; 2.38 V              ; -0.0306 V           ; 0.23 V                               ; 0.206 V                              ; 4.83e-10 s                  ; 5.01e-10 s                  ; No                         ; Yes                        ; 2.32 V                      ; 3.96e-05 V                  ; 2.38 V             ; -0.0306 V          ; 0.23 V                              ; 0.206 V                             ; 4.83e-10 s                 ; 5.01e-10 s                 ; No                        ; Yes                       ;
; HEX2[4]     ; 2.5 V        ; 0 s                 ; 0 s                 ; 2.32 V                       ; 3.96e-05 V                   ; 2.38 V              ; -0.0306 V           ; 0.23 V                               ; 0.206 V                              ; 4.83e-10 s                  ; 5.01e-10 s                  ; No                         ; Yes                        ; 2.32 V                      ; 3.96e-05 V                  ; 2.38 V             ; -0.0306 V          ; 0.23 V                              ; 0.206 V                             ; 4.83e-10 s                 ; 5.01e-10 s                 ; No                        ; Yes                       ;
; HEX2[5]     ; 2.5 V        ; 0 s                 ; 0 s                 ; 2.32 V                       ; 3.49e-05 V                   ; 2.34 V              ; -0.0118 V           ; 0.182 V                              ; 0.051 V                              ; 4.81e-10 s                  ; 4.83e-10 s                  ; Yes                        ; Yes                        ; 2.32 V                      ; 3.49e-05 V                  ; 2.34 V             ; -0.0118 V          ; 0.182 V                             ; 0.051 V                             ; 4.81e-10 s                 ; 4.83e-10 s                 ; Yes                       ; Yes                       ;
; HEX2[6]     ; 2.5 V        ; 0 s                 ; 0 s                 ; 2.32 V                       ; 3.49e-05 V                   ; 2.34 V              ; -0.0118 V           ; 0.182 V                              ; 0.051 V                              ; 4.81e-10 s                  ; 4.83e-10 s                  ; Yes                        ; Yes                        ; 2.32 V                      ; 3.49e-05 V                  ; 2.34 V             ; -0.0118 V          ; 0.182 V                             ; 0.051 V                             ; 4.81e-10 s                 ; 4.83e-10 s                 ; Yes                       ; Yes                       ;
; HEX3[0]     ; 2.5 V        ; 0 s                 ; 0 s                 ; 2.32 V                       ; 3.96e-05 V                   ; 2.38 V              ; -0.0306 V           ; 0.23 V                               ; 0.206 V                              ; 4.83e-10 s                  ; 5.01e-10 s                  ; No                         ; Yes                        ; 2.32 V                      ; 3.96e-05 V                  ; 2.38 V             ; -0.0306 V          ; 0.23 V                              ; 0.206 V                             ; 4.83e-10 s                 ; 5.01e-10 s                 ; No                        ; Yes                       ;
; HEX3[1]     ; 2.5 V        ; 0 s                 ; 0 s                 ; 2.32 V                       ; 3.49e-05 V                   ; 2.34 V              ; -0.0118 V           ; 0.182 V                              ; 0.051 V                              ; 4.81e-10 s                  ; 4.83e-10 s                  ; Yes                        ; Yes                        ; 2.32 V                      ; 3.49e-05 V                  ; 2.34 V             ; -0.0118 V          ; 0.182 V                             ; 0.051 V                             ; 4.81e-10 s                 ; 4.83e-10 s                 ; Yes                       ; Yes                       ;
; HEX3[2]     ; 2.5 V        ; 0 s                 ; 0 s                 ; 2.32 V                       ; 3.49e-05 V                   ; 2.34 V              ; -0.0118 V           ; 0.182 V                              ; 0.051 V                              ; 4.81e-10 s                  ; 4.83e-10 s                  ; Yes                        ; Yes                        ; 2.32 V                      ; 3.49e-05 V                  ; 2.34 V             ; -0.0118 V          ; 0.182 V                             ; 0.051 V                             ; 4.81e-10 s                 ; 4.83e-10 s                 ; Yes                       ; Yes                       ;
; HEX3[3]     ; 2.5 V        ; 0 s                 ; 0 s                 ; 2.32 V                       ; 3.49e-05 V                   ; 2.34 V              ; -0.0118 V           ; 0.182 V                              ; 0.051 V                              ; 4.81e-10 s                  ; 4.83e-10 s                  ; Yes                        ; Yes                        ; 2.32 V                      ; 3.49e-05 V                  ; 2.34 V             ; -0.0118 V          ; 0.182 V                             ; 0.051 V                             ; 4.81e-10 s                 ; 4.83e-10 s                 ; Yes                       ; Yes                       ;
; HEX3[4]     ; 2.5 V        ; 0 s                 ; 0 s                 ; 2.32 V                       ; 3.96e-05 V                   ; 2.38 V              ; -0.0306 V           ; 0.23 V                               ; 0.206 V                              ; 4.83e-10 s                  ; 5.01e-10 s                  ; No                         ; Yes                        ; 2.32 V                      ; 3.96e-05 V                  ; 2.38 V             ; -0.0306 V          ; 0.23 V                              ; 0.206 V                             ; 4.83e-10 s                 ; 5.01e-10 s                 ; No                        ; Yes                       ;
; HEX3[5]     ; 2.5 V        ; 0 s                 ; 0 s                 ; 2.32 V                       ; 3.49e-05 V                   ; 2.34 V              ; -0.0118 V           ; 0.182 V                              ; 0.051 V                              ; 4.81e-10 s                  ; 4.83e-10 s                  ; Yes                        ; Yes                        ; 2.32 V                      ; 3.49e-05 V                  ; 2.34 V             ; -0.0118 V          ; 0.182 V                             ; 0.051 V                             ; 4.81e-10 s                 ; 4.83e-10 s                 ; Yes                       ; Yes                       ;
; HEX3[6]     ; 2.5 V        ; 0 s                 ; 0 s                 ; 2.32 V                       ; 3.96e-05 V                   ; 2.38 V              ; -0.0306 V           ; 0.23 V                               ; 0.206 V                              ; 4.83e-10 s                  ; 5.01e-10 s                  ; No                         ; Yes                        ; 2.32 V                      ; 3.96e-05 V                  ; 2.38 V             ; -0.0306 V          ; 0.23 V                              ; 0.206 V                             ; 4.83e-10 s                 ; 5.01e-10 s                 ; No                        ; Yes                       ;
+-------------+--------------+---------------------+---------------------+------------------------------+------------------------------+---------------------+---------------------+--------------------------------------+--------------------------------------+-----------------------------+-----------------------------+----------------------------+----------------------------+-----------------------------+-----------------------------+--------------------+--------------------+-------------------------------------+-------------------------------------+----------------------------+----------------------------+---------------------------+---------------------------+


+------------------------------------------------------------------------------------------------------------------------------------------------------------------------------------------------------------------------------------------------------------------------------------------------------------------------------------------------------------------------------------------------------------------------------------------------------------------------------------------------------------------------------------------------------------------------------------------------------------------------------------------------------------------------------------------+
; Signal Integrity Metrics (Fast 1100mv 0c Model)                                                                                                                                                                                                                                                                                                                                                                                                                                                                                                                                                                                                                                          ;
+-------------+--------------+---------------------+---------------------+------------------------------+------------------------------+---------------------+---------------------+--------------------------------------+--------------------------------------+-----------------------------+-----------------------------+----------------------------+----------------------------+-----------------------------+-----------------------------+--------------------+--------------------+-------------------------------------+-------------------------------------+----------------------------+----------------------------+---------------------------+---------------------------+
; Pin         ; I/O Standard ; Board Delay on Rise ; Board Delay on Fall ; Steady State Voh at FPGA Pin ; Steady State Vol at FPGA Pin ; Voh Max at FPGA Pin ; Vol Min at FPGA Pin ; Ringback Voltage on Rise at FPGA Pin ; Ringback Voltage on Fall at FPGA Pin ; 10-90 Rise Time at FPGA Pin ; 90-10 Fall Time at FPGA Pin ; Monotonic Rise at FPGA Pin ; Monotonic Fall at FPGA Pin ; Steady State Voh at Far-end ; Steady State Vol at Far-end ; Voh Max at Far-end ; Vol Min at Far-end ; Ringback Voltage on Rise at Far-end ; Ringback Voltage on Fall at Far-end ; 10-90 Rise Time at Far-end ; 90-10 Fall Time at Far-end ; Monotonic Rise at Far-end ; Monotonic Fall at Far-end ;
+-------------+--------------+---------------------+---------------------+------------------------------+------------------------------+---------------------+---------------------+--------------------------------------+--------------------------------------+-----------------------------+-----------------------------+----------------------------+----------------------------+-----------------------------+-----------------------------+--------------------+--------------------+-------------------------------------+-------------------------------------+----------------------------+----------------------------+---------------------------+---------------------------+
; hsync       ; 2.5 V        ; 0 s                 ; 0 s                 ; 2.75 V                       ; 4.14e-06 V                   ; 2.91 V              ; -0.121 V            ; 0.326 V                              ; 0.297 V                              ; 2.74e-10 s                  ; 2.8e-10 s                   ; No                         ; No                         ; 2.75 V                      ; 4.14e-06 V                  ; 2.91 V             ; -0.121 V           ; 0.326 V                             ; 0.297 V                             ; 2.74e-10 s                 ; 2.8e-10 s                  ; No                        ; No                        ;
; vsync       ; 2.5 V        ; 0 s                 ; 0 s                 ; 2.75 V                       ; 3.54e-06 V                   ; 2.81 V              ; -0.0578 V           ; 0.303 V                              ; 0.28 V                               ; 2.93e-10 s                  ; 3.01e-10 s                  ; No                         ; No                         ; 2.75 V                      ; 3.54e-06 V                  ; 2.81 V             ; -0.0578 V          ; 0.303 V                             ; 0.28 V                              ; 2.93e-10 s                 ; 3.01e-10 s                 ; No                        ; No                        ;
; vga_clk     ; 2.5 V        ; 0 s                 ; 0 s                 ; 2.75 V                       ; 4.14e-06 V                   ; 2.91 V              ; -0.119 V            ; 0.326 V                              ; 0.298 V                              ; 2.74e-10 s                  ; 2.8e-10 s                   ; No                         ; No                         ; 2.75 V                      ; 4.14e-06 V                  ; 2.91 V             ; -0.119 V           ; 0.326 V                             ; 0.298 V                             ; 2.74e-10 s                 ; 2.8e-10 s                  ; No                        ; No                        ;
; vga_blank_n ; 2.5 V        ; 0 s                 ; 0 s                 ; 2.75 V                       ; 4.14e-06 V                   ; 2.91 V              ; -0.121 V            ; 0.326 V                              ; 0.297 V                              ; 2.74e-10 s                  ; 2.8e-10 s                   ; No                         ; No                         ; 2.75 V                      ; 4.14e-06 V                  ; 2.91 V             ; -0.121 V           ; 0.326 V                             ; 0.297 V                             ; 2.74e-10 s                 ; 2.8e-10 s                  ; No                        ; No                        ;
; vga_sync_n  ; 2.5 V        ; 0 s                 ; 0 s                 ; 2.75 V                       ; 4.14e-06 V                   ; 2.91 V              ; -0.121 V            ; 0.326 V                              ; 0.297 V                              ; 2.74e-10 s                  ; 2.8e-10 s                   ; No                         ; No                         ; 2.75 V                      ; 4.14e-06 V                  ; 2.91 V             ; -0.121 V           ; 0.326 V                             ; 0.297 V                             ; 2.74e-10 s                 ; 2.8e-10 s                  ; No                        ; No                        ;
; vga_r[0]    ; 2.5 V        ; 0 s                 ; 0 s                 ; 2.75 V                       ; 4.14e-06 V                   ; 2.91 V              ; -0.121 V            ; 0.326 V                              ; 0.297 V                              ; 2.74e-10 s                  ; 2.8e-10 s                   ; No                         ; No                         ; 2.75 V                      ; 4.14e-06 V                  ; 2.91 V             ; -0.121 V           ; 0.326 V                             ; 0.297 V                             ; 2.74e-10 s                 ; 2.8e-10 s                  ; No                        ; No                        ;
; vga_r[1]    ; 2.5 V        ; 0 s                 ; 0 s                 ; 2.75 V                       ; 4.14e-06 V                   ; 2.91 V              ; -0.119 V            ; 0.326 V                              ; 0.298 V                              ; 2.74e-10 s                  ; 2.8e-10 s                   ; No                         ; No                         ; 2.75 V                      ; 4.14e-06 V                  ; 2.91 V             ; -0.119 V           ; 0.326 V                             ; 0.298 V                             ; 2.74e-10 s                 ; 2.8e-10 s                  ; No                        ; No                        ;
; vga_r[2]    ; 2.5 V        ; 0 s                 ; 0 s                 ; 2.75 V                       ; 4.14e-06 V                   ; 2.91 V              ; -0.121 V            ; 0.326 V                              ; 0.297 V                              ; 2.74e-10 s                  ; 2.8e-10 s                   ; No                         ; No                         ; 2.75 V                      ; 4.14e-06 V                  ; 2.91 V             ; -0.121 V           ; 0.326 V                             ; 0.297 V                             ; 2.74e-10 s                 ; 2.8e-10 s                  ; No                        ; No                        ;
; vga_r[3]    ; 2.5 V        ; 0 s                 ; 0 s                 ; 2.75 V                       ; 4.14e-06 V                   ; 2.91 V              ; -0.119 V            ; 0.326 V                              ; 0.298 V                              ; 2.74e-10 s                  ; 2.8e-10 s                   ; No                         ; No                         ; 2.75 V                      ; 4.14e-06 V                  ; 2.91 V             ; -0.119 V           ; 0.326 V                             ; 0.298 V                             ; 2.74e-10 s                 ; 2.8e-10 s                  ; No                        ; No                        ;
; vga_r[4]    ; 2.5 V        ; 0 s                 ; 0 s                 ; 2.75 V                       ; 4.14e-06 V                   ; 2.91 V              ; -0.121 V            ; 0.326 V                              ; 0.297 V                              ; 2.74e-10 s                  ; 2.8e-10 s                   ; No                         ; No                         ; 2.75 V                      ; 4.14e-06 V                  ; 2.91 V             ; -0.121 V           ; 0.326 V                             ; 0.297 V                             ; 2.74e-10 s                 ; 2.8e-10 s                  ; No                        ; No                        ;
; vga_r[5]    ; 2.5 V        ; 0 s                 ; 0 s                 ; 2.75 V                       ; 4.14e-06 V                   ; 2.91 V              ; -0.121 V            ; 0.326 V                              ; 0.297 V                              ; 2.74e-10 s                  ; 2.8e-10 s                   ; No                         ; No                         ; 2.75 V                      ; 4.14e-06 V                  ; 2.91 V             ; -0.121 V           ; 0.326 V                             ; 0.297 V                             ; 2.74e-10 s                 ; 2.8e-10 s                  ; No                        ; No                        ;
; vga_r[6]    ; 2.5 V        ; 0 s                 ; 0 s                 ; 2.75 V                       ; 4.14e-06 V                   ; 2.91 V              ; -0.119 V            ; 0.326 V                              ; 0.298 V                              ; 2.74e-10 s                  ; 2.8e-10 s                   ; No                         ; No                         ; 2.75 V                      ; 4.14e-06 V                  ; 2.91 V             ; -0.119 V           ; 0.326 V                             ; 0.298 V                             ; 2.74e-10 s                 ; 2.8e-10 s                  ; No                        ; No                        ;
; vga_r[7]    ; 2.5 V        ; 0 s                 ; 0 s                 ; 2.75 V                       ; 4.14e-06 V                   ; 2.91 V              ; -0.119 V            ; 0.326 V                              ; 0.298 V                              ; 2.74e-10 s                  ; 2.8e-10 s                   ; No                         ; No                         ; 2.75 V                      ; 4.14e-06 V                  ; 2.91 V             ; -0.119 V           ; 0.326 V                             ; 0.298 V                             ; 2.74e-10 s                 ; 2.8e-10 s                  ; No                        ; No                        ;
; vga_g[0]    ; 2.5 V        ; 0 s                 ; 0 s                 ; 2.75 V                       ; 4.14e-06 V                   ; 2.91 V              ; -0.121 V            ; 0.326 V                              ; 0.297 V                              ; 2.74e-10 s                  ; 2.8e-10 s                   ; No                         ; No                         ; 2.75 V                      ; 4.14e-06 V                  ; 2.91 V             ; -0.121 V           ; 0.326 V                             ; 0.297 V                             ; 2.74e-10 s                 ; 2.8e-10 s                  ; No                        ; No                        ;
; vga_g[1]    ; 2.5 V        ; 0 s                 ; 0 s                 ; 2.75 V                       ; 4.14e-06 V                   ; 2.91 V              ; -0.121 V            ; 0.326 V                              ; 0.297 V                              ; 2.74e-10 s                  ; 2.8e-10 s                   ; No                         ; No                         ; 2.75 V                      ; 4.14e-06 V                  ; 2.91 V             ; -0.121 V           ; 0.326 V                             ; 0.297 V                             ; 2.74e-10 s                 ; 2.8e-10 s                  ; No                        ; No                        ;
; vga_g[2]    ; 2.5 V        ; 0 s                 ; 0 s                 ; 2.75 V                       ; 4.14e-06 V                   ; 2.91 V              ; -0.121 V            ; 0.326 V                              ; 0.297 V                              ; 2.74e-10 s                  ; 2.8e-10 s                   ; No                         ; No                         ; 2.75 V                      ; 4.14e-06 V                  ; 2.91 V             ; -0.121 V           ; 0.326 V                             ; 0.297 V                             ; 2.74e-10 s                 ; 2.8e-10 s                  ; No                        ; No                        ;
; vga_g[3]    ; 2.5 V        ; 0 s                 ; 0 s                 ; 2.75 V                       ; 4.14e-06 V                   ; 2.91 V              ; -0.121 V            ; 0.326 V                              ; 0.297 V                              ; 2.74e-10 s                  ; 2.8e-10 s                   ; No                         ; No                         ; 2.75 V                      ; 4.14e-06 V                  ; 2.91 V             ; -0.121 V           ; 0.326 V                             ; 0.297 V                             ; 2.74e-10 s                 ; 2.8e-10 s                  ; No                        ; No                        ;
; vga_g[4]    ; 2.5 V        ; 0 s                 ; 0 s                 ; 2.75 V                       ; 4.14e-06 V                   ; 2.91 V              ; -0.119 V            ; 0.326 V                              ; 0.298 V                              ; 2.74e-10 s                  ; 2.8e-10 s                   ; No                         ; No                         ; 2.75 V                      ; 4.14e-06 V                  ; 2.91 V             ; -0.119 V           ; 0.326 V                             ; 0.298 V                             ; 2.74e-10 s                 ; 2.8e-10 s                  ; No                        ; No                        ;
; vga_g[5]    ; 2.5 V        ; 0 s                 ; 0 s                 ; 2.75 V                       ; 4.14e-06 V                   ; 2.91 V              ; -0.121 V            ; 0.326 V                              ; 0.297 V                              ; 2.74e-10 s                  ; 2.8e-10 s                   ; No                         ; No                         ; 2.75 V                      ; 4.14e-06 V                  ; 2.91 V             ; -0.121 V           ; 0.326 V                             ; 0.297 V                             ; 2.74e-10 s                 ; 2.8e-10 s                  ; No                        ; No                        ;
; vga_g[6]    ; 2.5 V        ; 0 s                 ; 0 s                 ; 2.75 V                       ; 4.14e-06 V                   ; 2.91 V              ; -0.119 V            ; 0.326 V                              ; 0.298 V                              ; 2.74e-10 s                  ; 2.8e-10 s                   ; No                         ; No                         ; 2.75 V                      ; 4.14e-06 V                  ; 2.91 V             ; -0.119 V           ; 0.326 V                             ; 0.298 V                             ; 2.74e-10 s                 ; 2.8e-10 s                  ; No                        ; No                        ;
; vga_g[7]    ; 2.5 V        ; 0 s                 ; 0 s                 ; 2.75 V                       ; 4.14e-06 V                   ; 2.91 V              ; -0.119 V            ; 0.326 V                              ; 0.298 V                              ; 2.74e-10 s                  ; 2.8e-10 s                   ; No                         ; No                         ; 2.75 V                      ; 4.14e-06 V                  ; 2.91 V             ; -0.119 V           ; 0.326 V                             ; 0.298 V                             ; 2.74e-10 s                 ; 2.8e-10 s                  ; No                        ; No                        ;
; vga_b[0]    ; 2.5 V        ; 0 s                 ; 0 s                 ; 2.75 V                       ; 4.14e-06 V                   ; 2.91 V              ; -0.121 V            ; 0.326 V                              ; 0.297 V                              ; 2.74e-10 s                  ; 2.8e-10 s                   ; No                         ; No                         ; 2.75 V                      ; 4.14e-06 V                  ; 2.91 V             ; -0.121 V           ; 0.326 V                             ; 0.297 V                             ; 2.74e-10 s                 ; 2.8e-10 s                  ; No                        ; No                        ;
; vga_b[1]    ; 2.5 V        ; 0 s                 ; 0 s                 ; 2.75 V                       ; 4.14e-06 V                   ; 2.91 V              ; -0.119 V            ; 0.326 V                              ; 0.298 V                              ; 2.74e-10 s                  ; 2.8e-10 s                   ; No                         ; No                         ; 2.75 V                      ; 4.14e-06 V                  ; 2.91 V             ; -0.119 V           ; 0.326 V                             ; 0.298 V                             ; 2.74e-10 s                 ; 2.8e-10 s                  ; No                        ; No                        ;
; vga_b[2]    ; 2.5 V        ; 0 s                 ; 0 s                 ; 2.75 V                       ; 3.54e-06 V                   ; 2.81 V              ; -0.0578 V           ; 0.303 V                              ; 0.28 V                               ; 2.93e-10 s                  ; 3.01e-10 s                  ; No                         ; No                         ; 2.75 V                      ; 3.54e-06 V                  ; 2.81 V             ; -0.0578 V          ; 0.303 V                             ; 0.28 V                              ; 2.93e-10 s                 ; 3.01e-10 s                 ; No                        ; No                        ;
; vga_b[3]    ; 2.5 V        ; 0 s                 ; 0 s                 ; 2.75 V                       ; 4.14e-06 V                   ; 2.91 V              ; -0.119 V            ; 0.326 V                              ; 0.298 V                              ; 2.74e-10 s                  ; 2.8e-10 s                   ; No                         ; No                         ; 2.75 V                      ; 4.14e-06 V                  ; 2.91 V             ; -0.119 V           ; 0.326 V                             ; 0.298 V                             ; 2.74e-10 s                 ; 2.8e-10 s                  ; No                        ; No                        ;
; vga_b[4]    ; 2.5 V        ; 0 s                 ; 0 s                 ; 2.75 V                       ; 4.14e-06 V                   ; 2.91 V              ; -0.121 V            ; 0.326 V                              ; 0.297 V                              ; 2.74e-10 s                  ; 2.8e-10 s                   ; No                         ; No                         ; 2.75 V                      ; 4.14e-06 V                  ; 2.91 V             ; -0.121 V           ; 0.326 V                             ; 0.297 V                             ; 2.74e-10 s                 ; 2.8e-10 s                  ; No                        ; No                        ;
; vga_b[5]    ; 2.5 V        ; 0 s                 ; 0 s                 ; 2.75 V                       ; 4.25e-06 V                   ; 2.9 V               ; -0.107 V            ; 0.378 V                              ; 0.16 V                               ; 2.87e-10 s                  ; 4.28e-10 s                  ; No                         ; No                         ; 2.75 V                      ; 4.25e-06 V                  ; 2.9 V              ; -0.107 V           ; 0.378 V                             ; 0.16 V                              ; 2.87e-10 s                 ; 4.28e-10 s                 ; No                        ; No                        ;
; vga_b[6]    ; 2.5 V        ; 0 s                 ; 0 s                 ; 2.75 V                       ; 4.14e-06 V                   ; 2.91 V              ; -0.119 V            ; 0.326 V                              ; 0.298 V                              ; 2.74e-10 s                  ; 2.8e-10 s                   ; No                         ; No                         ; 2.75 V                      ; 4.14e-06 V                  ; 2.91 V             ; -0.119 V           ; 0.326 V                             ; 0.298 V                             ; 2.74e-10 s                 ; 2.8e-10 s                  ; No                        ; No                        ;
; vga_b[7]    ; 2.5 V        ; 0 s                 ; 0 s                 ; 2.75 V                       ; 4.14e-06 V                   ; 2.91 V              ; -0.121 V            ; 0.326 V                              ; 0.297 V                              ; 2.74e-10 s                  ; 2.8e-10 s                   ; No                         ; No                         ; 2.75 V                      ; 4.14e-06 V                  ; 2.91 V             ; -0.121 V           ; 0.326 V                             ; 0.297 V                             ; 2.74e-10 s                 ; 2.8e-10 s                  ; No                        ; No                        ;
; HEX0[0]     ; 2.5 V        ; 0 s                 ; 0 s                 ; 2.75 V                       ; 3.54e-06 V                   ; 2.81 V              ; -0.0578 V           ; 0.303 V                              ; 0.28 V                               ; 2.93e-10 s                  ; 3.01e-10 s                  ; No                         ; No                         ; 2.75 V                      ; 3.54e-06 V                  ; 2.81 V             ; -0.0578 V          ; 0.303 V                             ; 0.28 V                              ; 2.93e-10 s                 ; 3.01e-10 s                 ; No                        ; No                        ;
; HEX0[1]     ; 2.5 V        ; 0 s                 ; 0 s                 ; 2.75 V                       ; 4.25e-06 V                   ; 2.9 V               ; -0.107 V            ; 0.378 V                              ; 0.16 V                               ; 2.87e-10 s                  ; 4.28e-10 s                  ; No                         ; No                         ; 2.75 V                      ; 4.25e-06 V                  ; 2.9 V              ; -0.107 V           ; 0.378 V                             ; 0.16 V                              ; 2.87e-10 s                 ; 4.28e-10 s                 ; No                        ; No                        ;
; HEX0[2]     ; 2.5 V        ; 0 s                 ; 0 s                 ; 2.75 V                       ; 4.14e-06 V                   ; 2.91 V              ; -0.121 V            ; 0.326 V                              ; 0.297 V                              ; 2.74e-10 s                  ; 2.8e-10 s                   ; No                         ; No                         ; 2.75 V                      ; 4.14e-06 V                  ; 2.91 V             ; -0.121 V           ; 0.326 V                             ; 0.297 V                             ; 2.74e-10 s                 ; 2.8e-10 s                  ; No                        ; No                        ;
; HEX0[3]     ; 2.5 V        ; 0 s                 ; 0 s                 ; 2.75 V                       ; 4.14e-06 V                   ; 2.91 V              ; -0.119 V            ; 0.326 V                              ; 0.298 V                              ; 2.74e-10 s                  ; 2.8e-10 s                   ; No                         ; No                         ; 2.75 V                      ; 4.14e-06 V                  ; 2.91 V             ; -0.119 V           ; 0.326 V                             ; 0.298 V                             ; 2.74e-10 s                 ; 2.8e-10 s                  ; No                        ; No                        ;
; HEX0[4]     ; 2.5 V        ; 0 s                 ; 0 s                 ; 2.75 V                       ; 4.14e-06 V                   ; 2.91 V              ; -0.119 V            ; 0.326 V                              ; 0.298 V                              ; 2.74e-10 s                  ; 2.8e-10 s                   ; No                         ; No                         ; 2.75 V                      ; 4.14e-06 V                  ; 2.91 V             ; -0.119 V           ; 0.326 V                             ; 0.298 V                             ; 2.74e-10 s                 ; 2.8e-10 s                  ; No                        ; No                        ;
; HEX0[5]     ; 2.5 V        ; 0 s                 ; 0 s                 ; 2.75 V                       ; 4.14e-06 V                   ; 2.91 V              ; -0.119 V            ; 0.326 V                              ; 0.298 V                              ; 2.74e-10 s                  ; 2.8e-10 s                   ; No                         ; No                         ; 2.75 V                      ; 4.14e-06 V                  ; 2.91 V             ; -0.119 V           ; 0.326 V                             ; 0.298 V                             ; 2.74e-10 s                 ; 2.8e-10 s                  ; No                        ; No                        ;
; HEX0[6]     ; 2.5 V        ; 0 s                 ; 0 s                 ; 2.75 V                       ; 4.14e-06 V                   ; 2.91 V              ; -0.121 V            ; 0.326 V                              ; 0.297 V                              ; 2.74e-10 s                  ; 2.8e-10 s                   ; No                         ; No                         ; 2.75 V                      ; 4.14e-06 V                  ; 2.91 V             ; -0.121 V           ; 0.326 V                             ; 0.297 V                             ; 2.74e-10 s                 ; 2.8e-10 s                  ; No                        ; No                        ;
; HEX1[0]     ; 2.5 V        ; 0 s                 ; 0 s                 ; 2.75 V                       ; 4.14e-06 V                   ; 2.91 V              ; -0.121 V            ; 0.326 V                              ; 0.297 V                              ; 2.74e-10 s                  ; 2.8e-10 s                   ; No                         ; No                         ; 2.75 V                      ; 4.14e-06 V                  ; 2.91 V             ; -0.121 V           ; 0.326 V                             ; 0.297 V                             ; 2.74e-10 s                 ; 2.8e-10 s                  ; No                        ; No                        ;
; HEX1[1]     ; 2.5 V        ; 0 s                 ; 0 s                 ; 2.75 V                       ; 4.25e-06 V                   ; 2.9 V               ; -0.107 V            ; 0.378 V                              ; 0.16 V                               ; 2.87e-10 s                  ; 4.28e-10 s                  ; No                         ; No                         ; 2.75 V                      ; 4.25e-06 V                  ; 2.9 V              ; -0.107 V           ; 0.378 V                             ; 0.16 V                              ; 2.87e-10 s                 ; 4.28e-10 s                 ; No                        ; No                        ;
; HEX1[2]     ; 2.5 V        ; 0 s                 ; 0 s                 ; 2.75 V                       ; 4.14e-06 V                   ; 2.91 V              ; -0.119 V            ; 0.326 V                              ; 0.298 V                              ; 2.74e-10 s                  ; 2.8e-10 s                   ; No                         ; No                         ; 2.75 V                      ; 4.14e-06 V                  ; 2.91 V             ; -0.119 V           ; 0.326 V                             ; 0.298 V                             ; 2.74e-10 s                 ; 2.8e-10 s                  ; No                        ; No                        ;
; HEX1[3]     ; 2.5 V        ; 0 s                 ; 0 s                 ; 2.75 V                       ; 3.54e-06 V                   ; 2.81 V              ; -0.0578 V           ; 0.303 V                              ; 0.28 V                               ; 2.93e-10 s                  ; 3.01e-10 s                  ; No                         ; No                         ; 2.75 V                      ; 3.54e-06 V                  ; 2.81 V             ; -0.0578 V          ; 0.303 V                             ; 0.28 V                              ; 2.93e-10 s                 ; 3.01e-10 s                 ; No                        ; No                        ;
; HEX1[4]     ; 2.5 V        ; 0 s                 ; 0 s                 ; 2.75 V                       ; 4.25e-06 V                   ; 2.9 V               ; -0.107 V            ; 0.378 V                              ; 0.16 V                               ; 2.87e-10 s                  ; 4.28e-10 s                  ; No                         ; No                         ; 2.75 V                      ; 4.25e-06 V                  ; 2.9 V              ; -0.107 V           ; 0.378 V                             ; 0.16 V                              ; 2.87e-10 s                 ; 4.28e-10 s                 ; No                        ; No                        ;
; HEX1[5]     ; 2.5 V        ; 0 s                 ; 0 s                 ; 2.75 V                       ; 4.25e-06 V                   ; 2.9 V               ; -0.107 V            ; 0.378 V                              ; 0.16 V                               ; 2.87e-10 s                  ; 4.28e-10 s                  ; No                         ; No                         ; 2.75 V                      ; 4.25e-06 V                  ; 2.9 V              ; -0.107 V           ; 0.378 V                             ; 0.16 V                              ; 2.87e-10 s                 ; 4.28e-10 s                 ; No                        ; No                        ;
; HEX1[6]     ; 2.5 V        ; 0 s                 ; 0 s                 ; 2.75 V                       ; 4.25e-06 V                   ; 2.9 V               ; -0.107 V            ; 0.378 V                              ; 0.16 V                               ; 2.87e-10 s                  ; 4.28e-10 s                  ; No                         ; No                         ; 2.75 V                      ; 4.25e-06 V                  ; 2.9 V              ; -0.107 V           ; 0.378 V                             ; 0.16 V                              ; 2.87e-10 s                 ; 4.28e-10 s                 ; No                        ; No                        ;
; HEX2[0]     ; 2.5 V        ; 0 s                 ; 0 s                 ; 2.75 V                       ; 4.25e-06 V                   ; 2.9 V               ; -0.107 V            ; 0.378 V                              ; 0.16 V                               ; 2.87e-10 s                  ; 4.28e-10 s                  ; No                         ; No                         ; 2.75 V                      ; 4.25e-06 V                  ; 2.9 V              ; -0.107 V           ; 0.378 V                             ; 0.16 V                              ; 2.87e-10 s                 ; 4.28e-10 s                 ; No                        ; No                        ;
; HEX2[1]     ; 2.5 V        ; 0 s                 ; 0 s                 ; 2.75 V                       ; 3.54e-06 V                   ; 2.81 V              ; -0.0578 V           ; 0.303 V                              ; 0.28 V                               ; 2.93e-10 s                  ; 3.01e-10 s                  ; No                         ; No                         ; 2.75 V                      ; 3.54e-06 V                  ; 2.81 V             ; -0.0578 V          ; 0.303 V                             ; 0.28 V                              ; 2.93e-10 s                 ; 3.01e-10 s                 ; No                        ; No                        ;
; HEX2[2]     ; 2.5 V        ; 0 s                 ; 0 s                 ; 2.75 V                       ; 3.54e-06 V                   ; 2.81 V              ; -0.0578 V           ; 0.303 V                              ; 0.28 V                               ; 2.93e-10 s                  ; 3.01e-10 s                  ; No                         ; No                         ; 2.75 V                      ; 3.54e-06 V                  ; 2.81 V             ; -0.0578 V          ; 0.303 V                             ; 0.28 V                              ; 2.93e-10 s                 ; 3.01e-10 s                 ; No                        ; No                        ;
; HEX2[3]     ; 2.5 V        ; 0 s                 ; 0 s                 ; 2.75 V                       ; 4.25e-06 V                   ; 2.9 V               ; -0.107 V            ; 0.378 V                              ; 0.16 V                               ; 2.87e-10 s                  ; 4.28e-10 s                  ; No                         ; No                         ; 2.75 V                      ; 4.25e-06 V                  ; 2.9 V              ; -0.107 V           ; 0.378 V                             ; 0.16 V                              ; 2.87e-10 s                 ; 4.28e-10 s                 ; No                        ; No                        ;
; HEX2[4]     ; 2.5 V        ; 0 s                 ; 0 s                 ; 2.75 V                       ; 4.25e-06 V                   ; 2.9 V               ; -0.107 V            ; 0.378 V                              ; 0.16 V                               ; 2.87e-10 s                  ; 4.28e-10 s                  ; No                         ; No                         ; 2.75 V                      ; 4.25e-06 V                  ; 2.9 V              ; -0.107 V           ; 0.378 V                             ; 0.16 V                              ; 2.87e-10 s                 ; 4.28e-10 s                 ; No                        ; No                        ;
; HEX2[5]     ; 2.5 V        ; 0 s                 ; 0 s                 ; 2.75 V                       ; 3.54e-06 V                   ; 2.81 V              ; -0.0578 V           ; 0.303 V                              ; 0.28 V                               ; 2.93e-10 s                  ; 3.01e-10 s                  ; No                         ; No                         ; 2.75 V                      ; 3.54e-06 V                  ; 2.81 V             ; -0.0578 V          ; 0.303 V                             ; 0.28 V                              ; 2.93e-10 s                 ; 3.01e-10 s                 ; No                        ; No                        ;
; HEX2[6]     ; 2.5 V        ; 0 s                 ; 0 s                 ; 2.75 V                       ; 3.54e-06 V                   ; 2.81 V              ; -0.0578 V           ; 0.303 V                              ; 0.28 V                               ; 2.93e-10 s                  ; 3.01e-10 s                  ; No                         ; No                         ; 2.75 V                      ; 3.54e-06 V                  ; 2.81 V             ; -0.0578 V          ; 0.303 V                             ; 0.28 V                              ; 2.93e-10 s                 ; 3.01e-10 s                 ; No                        ; No                        ;
; HEX3[0]     ; 2.5 V        ; 0 s                 ; 0 s                 ; 2.75 V                       ; 4.25e-06 V                   ; 2.9 V               ; -0.107 V            ; 0.378 V                              ; 0.16 V                               ; 2.87e-10 s                  ; 4.28e-10 s                  ; No                         ; No                         ; 2.75 V                      ; 4.25e-06 V                  ; 2.9 V              ; -0.107 V           ; 0.378 V                             ; 0.16 V                              ; 2.87e-10 s                 ; 4.28e-10 s                 ; No                        ; No                        ;
; HEX3[1]     ; 2.5 V        ; 0 s                 ; 0 s                 ; 2.75 V                       ; 3.54e-06 V                   ; 2.81 V              ; -0.0578 V           ; 0.303 V                              ; 0.28 V                               ; 2.93e-10 s                  ; 3.01e-10 s                  ; No                         ; No                         ; 2.75 V                      ; 3.54e-06 V                  ; 2.81 V             ; -0.0578 V          ; 0.303 V                             ; 0.28 V                              ; 2.93e-10 s                 ; 3.01e-10 s                 ; No                        ; No                        ;
; HEX3[2]     ; 2.5 V        ; 0 s                 ; 0 s                 ; 2.75 V                       ; 3.54e-06 V                   ; 2.81 V              ; -0.0578 V           ; 0.303 V                              ; 0.28 V                               ; 2.93e-10 s                  ; 3.01e-10 s                  ; No                         ; No                         ; 2.75 V                      ; 3.54e-06 V                  ; 2.81 V             ; -0.0578 V          ; 0.303 V                             ; 0.28 V                              ; 2.93e-10 s                 ; 3.01e-10 s                 ; No                        ; No                        ;
; HEX3[3]     ; 2.5 V        ; 0 s                 ; 0 s                 ; 2.75 V                       ; 3.54e-06 V                   ; 2.81 V              ; -0.0578 V           ; 0.303 V                              ; 0.28 V                               ; 2.93e-10 s                  ; 3.01e-10 s                  ; No                         ; No                         ; 2.75 V                      ; 3.54e-06 V                  ; 2.81 V             ; -0.0578 V          ; 0.303 V                             ; 0.28 V                              ; 2.93e-10 s                 ; 3.01e-10 s                 ; No                        ; No                        ;
; HEX3[4]     ; 2.5 V        ; 0 s                 ; 0 s                 ; 2.75 V                       ; 4.25e-06 V                   ; 2.9 V               ; -0.107 V            ; 0.378 V                              ; 0.16 V                               ; 2.87e-10 s                  ; 4.28e-10 s                  ; No                         ; No                         ; 2.75 V                      ; 4.25e-06 V                  ; 2.9 V              ; -0.107 V           ; 0.378 V                             ; 0.16 V                              ; 2.87e-10 s                 ; 4.28e-10 s                 ; No                        ; No                        ;
; HEX3[5]     ; 2.5 V        ; 0 s                 ; 0 s                 ; 2.75 V                       ; 3.54e-06 V                   ; 2.81 V              ; -0.0578 V           ; 0.303 V                              ; 0.28 V                               ; 2.93e-10 s                  ; 3.01e-10 s                  ; No                         ; No                         ; 2.75 V                      ; 3.54e-06 V                  ; 2.81 V             ; -0.0578 V          ; 0.303 V                             ; 0.28 V                              ; 2.93e-10 s                 ; 3.01e-10 s                 ; No                        ; No                        ;
; HEX3[6]     ; 2.5 V        ; 0 s                 ; 0 s                 ; 2.75 V                       ; 4.25e-06 V                   ; 2.9 V               ; -0.107 V            ; 0.378 V                              ; 0.16 V                               ; 2.87e-10 s                  ; 4.28e-10 s                  ; No                         ; No                         ; 2.75 V                      ; 4.25e-06 V                  ; 2.9 V              ; -0.107 V           ; 0.378 V                             ; 0.16 V                              ; 2.87e-10 s                 ; 4.28e-10 s                 ; No                        ; No                        ;
+-------------+--------------+---------------------+---------------------+------------------------------+------------------------------+---------------------+---------------------+--------------------------------------+--------------------------------------+-----------------------------+-----------------------------+----------------------------+----------------------------+-----------------------------+-----------------------------+--------------------+--------------------+-------------------------------------+-------------------------------------+----------------------------+----------------------------+---------------------------+---------------------------+


+------------------------------------------------------------------------------------------------------------------------------------------------------------------------------------------------------------------------------------------------------------------------------------------------------------------------------------------------------------------------------------------------------------------------------------------------------------------------------------------------------------------------------------------------------------------------------------------------------------------------------------------------------------------------------------------+
; Signal Integrity Metrics (Fast 1100mv 85c Model)                                                                                                                                                                                                                                                                                                                                                                                                                                                                                                                                                                                                                                         ;
+-------------+--------------+---------------------+---------------------+------------------------------+------------------------------+---------------------+---------------------+--------------------------------------+--------------------------------------+-----------------------------+-----------------------------+----------------------------+----------------------------+-----------------------------+-----------------------------+--------------------+--------------------+-------------------------------------+-------------------------------------+----------------------------+----------------------------+---------------------------+---------------------------+
; Pin         ; I/O Standard ; Board Delay on Rise ; Board Delay on Fall ; Steady State Voh at FPGA Pin ; Steady State Vol at FPGA Pin ; Voh Max at FPGA Pin ; Vol Min at FPGA Pin ; Ringback Voltage on Rise at FPGA Pin ; Ringback Voltage on Fall at FPGA Pin ; 10-90 Rise Time at FPGA Pin ; 90-10 Fall Time at FPGA Pin ; Monotonic Rise at FPGA Pin ; Monotonic Fall at FPGA Pin ; Steady State Voh at Far-end ; Steady State Vol at Far-end ; Voh Max at Far-end ; Vol Min at Far-end ; Ringback Voltage on Rise at Far-end ; Ringback Voltage on Fall at Far-end ; 10-90 Rise Time at Far-end ; 90-10 Fall Time at Far-end ; Monotonic Rise at Far-end ; Monotonic Fall at Far-end ;
+-------------+--------------+---------------------+---------------------+------------------------------+------------------------------+---------------------+---------------------+--------------------------------------+--------------------------------------+-----------------------------+-----------------------------+----------------------------+----------------------------+-----------------------------+-----------------------------+--------------------+--------------------+-------------------------------------+-------------------------------------+----------------------------+----------------------------+---------------------------+---------------------------+
; hsync       ; 2.5 V        ; 0 s                 ; 0 s                 ; 2.75 V                       ; 0.000242 V                   ; 2.86 V              ; -0.0814 V           ; 0.36 V                               ; 0.156 V                              ; 3e-10 s                     ; 4.34e-10 s                  ; No                         ; No                         ; 2.75 V                      ; 0.000242 V                  ; 2.86 V             ; -0.0814 V          ; 0.36 V                              ; 0.156 V                             ; 3e-10 s                    ; 4.34e-10 s                 ; No                        ; No                        ;
; vsync       ; 2.5 V        ; 0 s                 ; 0 s                 ; 2.75 V                       ; 0.000213 V                   ; 2.79 V              ; -0.0324 V           ; 0.139 V                              ; 0.119 V                              ; 4.42e-10 s                  ; 4.33e-10 s                  ; No                         ; Yes                        ; 2.75 V                      ; 0.000213 V                  ; 2.79 V             ; -0.0324 V          ; 0.139 V                             ; 0.119 V                             ; 4.42e-10 s                 ; 4.33e-10 s                 ; No                        ; Yes                       ;
; vga_clk     ; 2.5 V        ; 0 s                 ; 0 s                 ; 2.75 V                       ; 0.000242 V                   ; 2.86 V              ; -0.0805 V           ; 0.358 V                              ; 0.156 V                              ; 3.01e-10 s                  ; 4.34e-10 s                  ; No                         ; No                         ; 2.75 V                      ; 0.000242 V                  ; 2.86 V             ; -0.0805 V          ; 0.358 V                             ; 0.156 V                             ; 3.01e-10 s                 ; 4.34e-10 s                 ; No                        ; No                        ;
; vga_blank_n ; 2.5 V        ; 0 s                 ; 0 s                 ; 2.75 V                       ; 0.000242 V                   ; 2.86 V              ; -0.0814 V           ; 0.36 V                               ; 0.156 V                              ; 3e-10 s                     ; 4.34e-10 s                  ; No                         ; No                         ; 2.75 V                      ; 0.000242 V                  ; 2.86 V             ; -0.0814 V          ; 0.36 V                              ; 0.156 V                             ; 3e-10 s                    ; 4.34e-10 s                 ; No                        ; No                        ;
; vga_sync_n  ; 2.5 V        ; 0 s                 ; 0 s                 ; 2.75 V                       ; 0.000242 V                   ; 2.86 V              ; -0.0814 V           ; 0.36 V                               ; 0.156 V                              ; 3e-10 s                     ; 4.34e-10 s                  ; No                         ; No                         ; 2.75 V                      ; 0.000242 V                  ; 2.86 V             ; -0.0814 V          ; 0.36 V                              ; 0.156 V                             ; 3e-10 s                    ; 4.34e-10 s                 ; No                        ; No                        ;
; vga_r[0]    ; 2.5 V        ; 0 s                 ; 0 s                 ; 2.75 V                       ; 0.000242 V                   ; 2.86 V              ; -0.0814 V           ; 0.36 V                               ; 0.156 V                              ; 3e-10 s                     ; 4.34e-10 s                  ; No                         ; No                         ; 2.75 V                      ; 0.000242 V                  ; 2.86 V             ; -0.0814 V          ; 0.36 V                              ; 0.156 V                             ; 3e-10 s                    ; 4.34e-10 s                 ; No                        ; No                        ;
; vga_r[1]    ; 2.5 V        ; 0 s                 ; 0 s                 ; 2.75 V                       ; 0.000242 V                   ; 2.86 V              ; -0.0805 V           ; 0.358 V                              ; 0.156 V                              ; 3.01e-10 s                  ; 4.34e-10 s                  ; No                         ; No                         ; 2.75 V                      ; 0.000242 V                  ; 2.86 V             ; -0.0805 V          ; 0.358 V                             ; 0.156 V                             ; 3.01e-10 s                 ; 4.34e-10 s                 ; No                        ; No                        ;
; vga_r[2]    ; 2.5 V        ; 0 s                 ; 0 s                 ; 2.75 V                       ; 0.000242 V                   ; 2.86 V              ; -0.0814 V           ; 0.36 V                               ; 0.156 V                              ; 3e-10 s                     ; 4.34e-10 s                  ; No                         ; No                         ; 2.75 V                      ; 0.000242 V                  ; 2.86 V             ; -0.0814 V          ; 0.36 V                              ; 0.156 V                             ; 3e-10 s                    ; 4.34e-10 s                 ; No                        ; No                        ;
; vga_r[3]    ; 2.5 V        ; 0 s                 ; 0 s                 ; 2.75 V                       ; 0.000242 V                   ; 2.86 V              ; -0.0805 V           ; 0.358 V                              ; 0.156 V                              ; 3.01e-10 s                  ; 4.34e-10 s                  ; No                         ; No                         ; 2.75 V                      ; 0.000242 V                  ; 2.86 V             ; -0.0805 V          ; 0.358 V                             ; 0.156 V                             ; 3.01e-10 s                 ; 4.34e-10 s                 ; No                        ; No                        ;
; vga_r[4]    ; 2.5 V        ; 0 s                 ; 0 s                 ; 2.75 V                       ; 0.000242 V                   ; 2.86 V              ; -0.0814 V           ; 0.36 V                               ; 0.156 V                              ; 3e-10 s                     ; 4.34e-10 s                  ; No                         ; No                         ; 2.75 V                      ; 0.000242 V                  ; 2.86 V             ; -0.0814 V          ; 0.36 V                              ; 0.156 V                             ; 3e-10 s                    ; 4.34e-10 s                 ; No                        ; No                        ;
; vga_r[5]    ; 2.5 V        ; 0 s                 ; 0 s                 ; 2.75 V                       ; 0.000242 V                   ; 2.86 V              ; -0.0814 V           ; 0.36 V                               ; 0.156 V                              ; 3e-10 s                     ; 4.34e-10 s                  ; No                         ; No                         ; 2.75 V                      ; 0.000242 V                  ; 2.86 V             ; -0.0814 V          ; 0.36 V                              ; 0.156 V                             ; 3e-10 s                    ; 4.34e-10 s                 ; No                        ; No                        ;
; vga_r[6]    ; 2.5 V        ; 0 s                 ; 0 s                 ; 2.75 V                       ; 0.000242 V                   ; 2.86 V              ; -0.0805 V           ; 0.358 V                              ; 0.156 V                              ; 3.01e-10 s                  ; 4.34e-10 s                  ; No                         ; No                         ; 2.75 V                      ; 0.000242 V                  ; 2.86 V             ; -0.0805 V          ; 0.358 V                             ; 0.156 V                             ; 3.01e-10 s                 ; 4.34e-10 s                 ; No                        ; No                        ;
; vga_r[7]    ; 2.5 V        ; 0 s                 ; 0 s                 ; 2.75 V                       ; 0.000242 V                   ; 2.86 V              ; -0.0805 V           ; 0.358 V                              ; 0.156 V                              ; 3.01e-10 s                  ; 4.34e-10 s                  ; No                         ; No                         ; 2.75 V                      ; 0.000242 V                  ; 2.86 V             ; -0.0805 V          ; 0.358 V                             ; 0.156 V                             ; 3.01e-10 s                 ; 4.34e-10 s                 ; No                        ; No                        ;
; vga_g[0]    ; 2.5 V        ; 0 s                 ; 0 s                 ; 2.75 V                       ; 0.000242 V                   ; 2.86 V              ; -0.0814 V           ; 0.36 V                               ; 0.156 V                              ; 3e-10 s                     ; 4.34e-10 s                  ; No                         ; No                         ; 2.75 V                      ; 0.000242 V                  ; 2.86 V             ; -0.0814 V          ; 0.36 V                              ; 0.156 V                             ; 3e-10 s                    ; 4.34e-10 s                 ; No                        ; No                        ;
; vga_g[1]    ; 2.5 V        ; 0 s                 ; 0 s                 ; 2.75 V                       ; 0.000242 V                   ; 2.86 V              ; -0.0814 V           ; 0.36 V                               ; 0.156 V                              ; 3e-10 s                     ; 4.34e-10 s                  ; No                         ; No                         ; 2.75 V                      ; 0.000242 V                  ; 2.86 V             ; -0.0814 V          ; 0.36 V                              ; 0.156 V                             ; 3e-10 s                    ; 4.34e-10 s                 ; No                        ; No                        ;
; vga_g[2]    ; 2.5 V        ; 0 s                 ; 0 s                 ; 2.75 V                       ; 0.000242 V                   ; 2.86 V              ; -0.0814 V           ; 0.36 V                               ; 0.156 V                              ; 3e-10 s                     ; 4.34e-10 s                  ; No                         ; No                         ; 2.75 V                      ; 0.000242 V                  ; 2.86 V             ; -0.0814 V          ; 0.36 V                              ; 0.156 V                             ; 3e-10 s                    ; 4.34e-10 s                 ; No                        ; No                        ;
; vga_g[3]    ; 2.5 V        ; 0 s                 ; 0 s                 ; 2.75 V                       ; 0.000242 V                   ; 2.86 V              ; -0.0814 V           ; 0.36 V                               ; 0.156 V                              ; 3e-10 s                     ; 4.34e-10 s                  ; No                         ; No                         ; 2.75 V                      ; 0.000242 V                  ; 2.86 V             ; -0.0814 V          ; 0.36 V                              ; 0.156 V                             ; 3e-10 s                    ; 4.34e-10 s                 ; No                        ; No                        ;
; vga_g[4]    ; 2.5 V        ; 0 s                 ; 0 s                 ; 2.75 V                       ; 0.000242 V                   ; 2.86 V              ; -0.0805 V           ; 0.358 V                              ; 0.156 V                              ; 3.01e-10 s                  ; 4.34e-10 s                  ; No                         ; No                         ; 2.75 V                      ; 0.000242 V                  ; 2.86 V             ; -0.0805 V          ; 0.358 V                             ; 0.156 V                             ; 3.01e-10 s                 ; 4.34e-10 s                 ; No                        ; No                        ;
; vga_g[5]    ; 2.5 V        ; 0 s                 ; 0 s                 ; 2.75 V                       ; 0.000242 V                   ; 2.86 V              ; -0.0814 V           ; 0.36 V                               ; 0.156 V                              ; 3e-10 s                     ; 4.34e-10 s                  ; No                         ; No                         ; 2.75 V                      ; 0.000242 V                  ; 2.86 V             ; -0.0814 V          ; 0.36 V                              ; 0.156 V                             ; 3e-10 s                    ; 4.34e-10 s                 ; No                        ; No                        ;
; vga_g[6]    ; 2.5 V        ; 0 s                 ; 0 s                 ; 2.75 V                       ; 0.000242 V                   ; 2.86 V              ; -0.0805 V           ; 0.358 V                              ; 0.156 V                              ; 3.01e-10 s                  ; 4.34e-10 s                  ; No                         ; No                         ; 2.75 V                      ; 0.000242 V                  ; 2.86 V             ; -0.0805 V          ; 0.358 V                             ; 0.156 V                             ; 3.01e-10 s                 ; 4.34e-10 s                 ; No                        ; No                        ;
; vga_g[7]    ; 2.5 V        ; 0 s                 ; 0 s                 ; 2.75 V                       ; 0.000242 V                   ; 2.86 V              ; -0.0805 V           ; 0.358 V                              ; 0.156 V                              ; 3.01e-10 s                  ; 4.34e-10 s                  ; No                         ; No                         ; 2.75 V                      ; 0.000242 V                  ; 2.86 V             ; -0.0805 V          ; 0.358 V                             ; 0.156 V                             ; 3.01e-10 s                 ; 4.34e-10 s                 ; No                        ; No                        ;
; vga_b[0]    ; 2.5 V        ; 0 s                 ; 0 s                 ; 2.75 V                       ; 0.000242 V                   ; 2.86 V              ; -0.0814 V           ; 0.36 V                               ; 0.156 V                              ; 3e-10 s                     ; 4.34e-10 s                  ; No                         ; No                         ; 2.75 V                      ; 0.000242 V                  ; 2.86 V             ; -0.0814 V          ; 0.36 V                              ; 0.156 V                             ; 3e-10 s                    ; 4.34e-10 s                 ; No                        ; No                        ;
; vga_b[1]    ; 2.5 V        ; 0 s                 ; 0 s                 ; 2.75 V                       ; 0.000242 V                   ; 2.86 V              ; -0.0805 V           ; 0.358 V                              ; 0.156 V                              ; 3.01e-10 s                  ; 4.34e-10 s                  ; No                         ; No                         ; 2.75 V                      ; 0.000242 V                  ; 2.86 V             ; -0.0805 V          ; 0.358 V                             ; 0.156 V                             ; 3.01e-10 s                 ; 4.34e-10 s                 ; No                        ; No                        ;
; vga_b[2]    ; 2.5 V        ; 0 s                 ; 0 s                 ; 2.75 V                       ; 0.000213 V                   ; 2.79 V              ; -0.0324 V           ; 0.139 V                              ; 0.119 V                              ; 4.42e-10 s                  ; 4.33e-10 s                  ; No                         ; Yes                        ; 2.75 V                      ; 0.000213 V                  ; 2.79 V             ; -0.0324 V          ; 0.139 V                             ; 0.119 V                             ; 4.42e-10 s                 ; 4.33e-10 s                 ; No                        ; Yes                       ;
; vga_b[3]    ; 2.5 V        ; 0 s                 ; 0 s                 ; 2.75 V                       ; 0.000242 V                   ; 2.86 V              ; -0.0805 V           ; 0.358 V                              ; 0.156 V                              ; 3.01e-10 s                  ; 4.34e-10 s                  ; No                         ; No                         ; 2.75 V                      ; 0.000242 V                  ; 2.86 V             ; -0.0805 V          ; 0.358 V                             ; 0.156 V                             ; 3.01e-10 s                 ; 4.34e-10 s                 ; No                        ; No                        ;
; vga_b[4]    ; 2.5 V        ; 0 s                 ; 0 s                 ; 2.75 V                       ; 0.000242 V                   ; 2.86 V              ; -0.0814 V           ; 0.36 V                               ; 0.156 V                              ; 3e-10 s                     ; 4.34e-10 s                  ; No                         ; No                         ; 2.75 V                      ; 0.000242 V                  ; 2.86 V             ; -0.0814 V          ; 0.36 V                              ; 0.156 V                             ; 3e-10 s                    ; 4.34e-10 s                 ; No                        ; No                        ;
; vga_b[5]    ; 2.5 V        ; 0 s                 ; 0 s                 ; 2.75 V                       ; 0.000247 V                   ; 2.85 V              ; -0.0711 V           ; 0.204 V                              ; 0.181 V                              ; 4.55e-10 s                  ; 4.49e-10 s                  ; No                         ; No                         ; 2.75 V                      ; 0.000247 V                  ; 2.85 V             ; -0.0711 V          ; 0.204 V                             ; 0.181 V                             ; 4.55e-10 s                 ; 4.49e-10 s                 ; No                        ; No                        ;
; vga_b[6]    ; 2.5 V        ; 0 s                 ; 0 s                 ; 2.75 V                       ; 0.000242 V                   ; 2.86 V              ; -0.0805 V           ; 0.358 V                              ; 0.156 V                              ; 3.01e-10 s                  ; 4.34e-10 s                  ; No                         ; No                         ; 2.75 V                      ; 0.000242 V                  ; 2.86 V             ; -0.0805 V          ; 0.358 V                             ; 0.156 V                             ; 3.01e-10 s                 ; 4.34e-10 s                 ; No                        ; No                        ;
; vga_b[7]    ; 2.5 V        ; 0 s                 ; 0 s                 ; 2.75 V                       ; 0.000242 V                   ; 2.86 V              ; -0.0814 V           ; 0.36 V                               ; 0.156 V                              ; 3e-10 s                     ; 4.34e-10 s                  ; No                         ; No                         ; 2.75 V                      ; 0.000242 V                  ; 2.86 V             ; -0.0814 V          ; 0.36 V                              ; 0.156 V                             ; 3e-10 s                    ; 4.34e-10 s                 ; No                        ; No                        ;
; HEX0[0]     ; 2.5 V        ; 0 s                 ; 0 s                 ; 2.75 V                       ; 0.000213 V                   ; 2.79 V              ; -0.0324 V           ; 0.139 V                              ; 0.119 V                              ; 4.42e-10 s                  ; 4.33e-10 s                  ; No                         ; Yes                        ; 2.75 V                      ; 0.000213 V                  ; 2.79 V             ; -0.0324 V          ; 0.139 V                             ; 0.119 V                             ; 4.42e-10 s                 ; 4.33e-10 s                 ; No                        ; Yes                       ;
; HEX0[1]     ; 2.5 V        ; 0 s                 ; 0 s                 ; 2.75 V                       ; 0.000247 V                   ; 2.85 V              ; -0.0711 V           ; 0.204 V                              ; 0.181 V                              ; 4.55e-10 s                  ; 4.49e-10 s                  ; No                         ; No                         ; 2.75 V                      ; 0.000247 V                  ; 2.85 V             ; -0.0711 V          ; 0.204 V                             ; 0.181 V                             ; 4.55e-10 s                 ; 4.49e-10 s                 ; No                        ; No                        ;
; HEX0[2]     ; 2.5 V        ; 0 s                 ; 0 s                 ; 2.75 V                       ; 0.000242 V                   ; 2.86 V              ; -0.0814 V           ; 0.36 V                               ; 0.156 V                              ; 3e-10 s                     ; 4.34e-10 s                  ; No                         ; No                         ; 2.75 V                      ; 0.000242 V                  ; 2.86 V             ; -0.0814 V          ; 0.36 V                              ; 0.156 V                             ; 3e-10 s                    ; 4.34e-10 s                 ; No                        ; No                        ;
; HEX0[3]     ; 2.5 V        ; 0 s                 ; 0 s                 ; 2.75 V                       ; 0.000242 V                   ; 2.86 V              ; -0.0805 V           ; 0.358 V                              ; 0.156 V                              ; 3.01e-10 s                  ; 4.34e-10 s                  ; No                         ; No                         ; 2.75 V                      ; 0.000242 V                  ; 2.86 V             ; -0.0805 V          ; 0.358 V                             ; 0.156 V                             ; 3.01e-10 s                 ; 4.34e-10 s                 ; No                        ; No                        ;
; HEX0[4]     ; 2.5 V        ; 0 s                 ; 0 s                 ; 2.75 V                       ; 0.000242 V                   ; 2.86 V              ; -0.0805 V           ; 0.358 V                              ; 0.156 V                              ; 3.01e-10 s                  ; 4.34e-10 s                  ; No                         ; No                         ; 2.75 V                      ; 0.000242 V                  ; 2.86 V             ; -0.0805 V          ; 0.358 V                             ; 0.156 V                             ; 3.01e-10 s                 ; 4.34e-10 s                 ; No                        ; No                        ;
; HEX0[5]     ; 2.5 V        ; 0 s                 ; 0 s                 ; 2.75 V                       ; 0.000242 V                   ; 2.86 V              ; -0.0805 V           ; 0.358 V                              ; 0.156 V                              ; 3.01e-10 s                  ; 4.34e-10 s                  ; No                         ; No                         ; 2.75 V                      ; 0.000242 V                  ; 2.86 V             ; -0.0805 V          ; 0.358 V                             ; 0.156 V                             ; 3.01e-10 s                 ; 4.34e-10 s                 ; No                        ; No                        ;
; HEX0[6]     ; 2.5 V        ; 0 s                 ; 0 s                 ; 2.75 V                       ; 0.000242 V                   ; 2.86 V              ; -0.0814 V           ; 0.36 V                               ; 0.156 V                              ; 3e-10 s                     ; 4.34e-10 s                  ; No                         ; No                         ; 2.75 V                      ; 0.000242 V                  ; 2.86 V             ; -0.0814 V          ; 0.36 V                              ; 0.156 V                             ; 3e-10 s                    ; 4.34e-10 s                 ; No                        ; No                        ;
; HEX1[0]     ; 2.5 V        ; 0 s                 ; 0 s                 ; 2.75 V                       ; 0.000242 V                   ; 2.86 V              ; -0.0814 V           ; 0.36 V                               ; 0.156 V                              ; 3e-10 s                     ; 4.34e-10 s                  ; No                         ; No                         ; 2.75 V                      ; 0.000242 V                  ; 2.86 V             ; -0.0814 V          ; 0.36 V                              ; 0.156 V                             ; 3e-10 s                    ; 4.34e-10 s                 ; No                        ; No                        ;
; HEX1[1]     ; 2.5 V        ; 0 s                 ; 0 s                 ; 2.75 V                       ; 0.000247 V                   ; 2.85 V              ; -0.0711 V           ; 0.204 V                              ; 0.181 V                              ; 4.55e-10 s                  ; 4.49e-10 s                  ; No                         ; No                         ; 2.75 V                      ; 0.000247 V                  ; 2.85 V             ; -0.0711 V          ; 0.204 V                             ; 0.181 V                             ; 4.55e-10 s                 ; 4.49e-10 s                 ; No                        ; No                        ;
; HEX1[2]     ; 2.5 V        ; 0 s                 ; 0 s                 ; 2.75 V                       ; 0.000242 V                   ; 2.86 V              ; -0.0805 V           ; 0.358 V                              ; 0.156 V                              ; 3.01e-10 s                  ; 4.34e-10 s                  ; No                         ; No                         ; 2.75 V                      ; 0.000242 V                  ; 2.86 V             ; -0.0805 V          ; 0.358 V                             ; 0.156 V                             ; 3.01e-10 s                 ; 4.34e-10 s                 ; No                        ; No                        ;
; HEX1[3]     ; 2.5 V        ; 0 s                 ; 0 s                 ; 2.75 V                       ; 0.000213 V                   ; 2.79 V              ; -0.0324 V           ; 0.139 V                              ; 0.119 V                              ; 4.42e-10 s                  ; 4.33e-10 s                  ; No                         ; Yes                        ; 2.75 V                      ; 0.000213 V                  ; 2.79 V             ; -0.0324 V          ; 0.139 V                             ; 0.119 V                             ; 4.42e-10 s                 ; 4.33e-10 s                 ; No                        ; Yes                       ;
; HEX1[4]     ; 2.5 V        ; 0 s                 ; 0 s                 ; 2.75 V                       ; 0.000247 V                   ; 2.85 V              ; -0.0711 V           ; 0.204 V                              ; 0.181 V                              ; 4.55e-10 s                  ; 4.49e-10 s                  ; No                         ; No                         ; 2.75 V                      ; 0.000247 V                  ; 2.85 V             ; -0.0711 V          ; 0.204 V                             ; 0.181 V                             ; 4.55e-10 s                 ; 4.49e-10 s                 ; No                        ; No                        ;
; HEX1[5]     ; 2.5 V        ; 0 s                 ; 0 s                 ; 2.75 V                       ; 0.000247 V                   ; 2.85 V              ; -0.0711 V           ; 0.204 V                              ; 0.181 V                              ; 4.55e-10 s                  ; 4.49e-10 s                  ; No                         ; No                         ; 2.75 V                      ; 0.000247 V                  ; 2.85 V             ; -0.0711 V          ; 0.204 V                             ; 0.181 V                             ; 4.55e-10 s                 ; 4.49e-10 s                 ; No                        ; No                        ;
; HEX1[6]     ; 2.5 V        ; 0 s                 ; 0 s                 ; 2.75 V                       ; 0.000247 V                   ; 2.85 V              ; -0.0711 V           ; 0.204 V                              ; 0.181 V                              ; 4.55e-10 s                  ; 4.49e-10 s                  ; No                         ; No                         ; 2.75 V                      ; 0.000247 V                  ; 2.85 V             ; -0.0711 V          ; 0.204 V                             ; 0.181 V                             ; 4.55e-10 s                 ; 4.49e-10 s                 ; No                        ; No                        ;
; HEX2[0]     ; 2.5 V        ; 0 s                 ; 0 s                 ; 2.75 V                       ; 0.000247 V                   ; 2.85 V              ; -0.0711 V           ; 0.204 V                              ; 0.181 V                              ; 4.55e-10 s                  ; 4.49e-10 s                  ; No                         ; No                         ; 2.75 V                      ; 0.000247 V                  ; 2.85 V             ; -0.0711 V          ; 0.204 V                             ; 0.181 V                             ; 4.55e-10 s                 ; 4.49e-10 s                 ; No                        ; No                        ;
; HEX2[1]     ; 2.5 V        ; 0 s                 ; 0 s                 ; 2.75 V                       ; 0.000213 V                   ; 2.79 V              ; -0.0324 V           ; 0.139 V                              ; 0.119 V                              ; 4.42e-10 s                  ; 4.33e-10 s                  ; No                         ; Yes                        ; 2.75 V                      ; 0.000213 V                  ; 2.79 V             ; -0.0324 V          ; 0.139 V                             ; 0.119 V                             ; 4.42e-10 s                 ; 4.33e-10 s                 ; No                        ; Yes                       ;
; HEX2[2]     ; 2.5 V        ; 0 s                 ; 0 s                 ; 2.75 V                       ; 0.000213 V                   ; 2.79 V              ; -0.0324 V           ; 0.139 V                              ; 0.119 V                              ; 4.42e-10 s                  ; 4.33e-10 s                  ; No                         ; Yes                        ; 2.75 V                      ; 0.000213 V                  ; 2.79 V             ; -0.0324 V          ; 0.139 V                             ; 0.119 V                             ; 4.42e-10 s                 ; 4.33e-10 s                 ; No                        ; Yes                       ;
; HEX2[3]     ; 2.5 V        ; 0 s                 ; 0 s                 ; 2.75 V                       ; 0.000247 V                   ; 2.85 V              ; -0.0711 V           ; 0.204 V                              ; 0.181 V                              ; 4.55e-10 s                  ; 4.49e-10 s                  ; No                         ; No                         ; 2.75 V                      ; 0.000247 V                  ; 2.85 V             ; -0.0711 V          ; 0.204 V                             ; 0.181 V                             ; 4.55e-10 s                 ; 4.49e-10 s                 ; No                        ; No                        ;
; HEX2[4]     ; 2.5 V        ; 0 s                 ; 0 s                 ; 2.75 V                       ; 0.000247 V                   ; 2.85 V              ; -0.0711 V           ; 0.204 V                              ; 0.181 V                              ; 4.55e-10 s                  ; 4.49e-10 s                  ; No                         ; No                         ; 2.75 V                      ; 0.000247 V                  ; 2.85 V             ; -0.0711 V          ; 0.204 V                             ; 0.181 V                             ; 4.55e-10 s                 ; 4.49e-10 s                 ; No                        ; No                        ;
; HEX2[5]     ; 2.5 V        ; 0 s                 ; 0 s                 ; 2.75 V                       ; 0.000213 V                   ; 2.79 V              ; -0.0324 V           ; 0.139 V                              ; 0.119 V                              ; 4.42e-10 s                  ; 4.33e-10 s                  ; No                         ; Yes                        ; 2.75 V                      ; 0.000213 V                  ; 2.79 V             ; -0.0324 V          ; 0.139 V                             ; 0.119 V                             ; 4.42e-10 s                 ; 4.33e-10 s                 ; No                        ; Yes                       ;
; HEX2[6]     ; 2.5 V        ; 0 s                 ; 0 s                 ; 2.75 V                       ; 0.000213 V                   ; 2.79 V              ; -0.0324 V           ; 0.139 V                              ; 0.119 V                              ; 4.42e-10 s                  ; 4.33e-10 s                  ; No                         ; Yes                        ; 2.75 V                      ; 0.000213 V                  ; 2.79 V             ; -0.0324 V          ; 0.139 V                             ; 0.119 V                             ; 4.42e-10 s                 ; 4.33e-10 s                 ; No                        ; Yes                       ;
; HEX3[0]     ; 2.5 V        ; 0 s                 ; 0 s                 ; 2.75 V                       ; 0.000247 V                   ; 2.85 V              ; -0.0711 V           ; 0.204 V                              ; 0.181 V                              ; 4.55e-10 s                  ; 4.49e-10 s                  ; No                         ; No                         ; 2.75 V                      ; 0.000247 V                  ; 2.85 V             ; -0.0711 V          ; 0.204 V                             ; 0.181 V                             ; 4.55e-10 s                 ; 4.49e-10 s                 ; No                        ; No                        ;
; HEX3[1]     ; 2.5 V        ; 0 s                 ; 0 s                 ; 2.75 V                       ; 0.000213 V                   ; 2.79 V              ; -0.0324 V           ; 0.139 V                              ; 0.119 V                              ; 4.42e-10 s                  ; 4.33e-10 s                  ; No                         ; Yes                        ; 2.75 V                      ; 0.000213 V                  ; 2.79 V             ; -0.0324 V          ; 0.139 V                             ; 0.119 V                             ; 4.42e-10 s                 ; 4.33e-10 s                 ; No                        ; Yes                       ;
; HEX3[2]     ; 2.5 V        ; 0 s                 ; 0 s                 ; 2.75 V                       ; 0.000213 V                   ; 2.79 V              ; -0.0324 V           ; 0.139 V                              ; 0.119 V                              ; 4.42e-10 s                  ; 4.33e-10 s                  ; No                         ; Yes                        ; 2.75 V                      ; 0.000213 V                  ; 2.79 V             ; -0.0324 V          ; 0.139 V                             ; 0.119 V                             ; 4.42e-10 s                 ; 4.33e-10 s                 ; No                        ; Yes                       ;
; HEX3[3]     ; 2.5 V        ; 0 s                 ; 0 s                 ; 2.75 V                       ; 0.000213 V                   ; 2.79 V              ; -0.0324 V           ; 0.139 V                              ; 0.119 V                              ; 4.42e-10 s                  ; 4.33e-10 s                  ; No                         ; Yes                        ; 2.75 V                      ; 0.000213 V                  ; 2.79 V             ; -0.0324 V          ; 0.139 V                             ; 0.119 V                             ; 4.42e-10 s                 ; 4.33e-10 s                 ; No                        ; Yes                       ;
; HEX3[4]     ; 2.5 V        ; 0 s                 ; 0 s                 ; 2.75 V                       ; 0.000247 V                   ; 2.85 V              ; -0.0711 V           ; 0.204 V                              ; 0.181 V                              ; 4.55e-10 s                  ; 4.49e-10 s                  ; No                         ; No                         ; 2.75 V                      ; 0.000247 V                  ; 2.85 V             ; -0.0711 V          ; 0.204 V                             ; 0.181 V                             ; 4.55e-10 s                 ; 4.49e-10 s                 ; No                        ; No                        ;
; HEX3[5]     ; 2.5 V        ; 0 s                 ; 0 s                 ; 2.75 V                       ; 0.000213 V                   ; 2.79 V              ; -0.0324 V           ; 0.139 V                              ; 0.119 V                              ; 4.42e-10 s                  ; 4.33e-10 s                  ; No                         ; Yes                        ; 2.75 V                      ; 0.000213 V                  ; 2.79 V             ; -0.0324 V          ; 0.139 V                             ; 0.119 V                             ; 4.42e-10 s                 ; 4.33e-10 s                 ; No                        ; Yes                       ;
; HEX3[6]     ; 2.5 V        ; 0 s                 ; 0 s                 ; 2.75 V                       ; 0.000247 V                   ; 2.85 V              ; -0.0711 V           ; 0.204 V                              ; 0.181 V                              ; 4.55e-10 s                  ; 4.49e-10 s                  ; No                         ; No                         ; 2.75 V                      ; 0.000247 V                  ; 2.85 V             ; -0.0711 V          ; 0.204 V                             ; 0.181 V                             ; 4.55e-10 s                 ; 4.49e-10 s                 ; No                        ; No                        ;
+-------------+--------------+---------------------+---------------------+------------------------------+------------------------------+---------------------+---------------------+--------------------------------------+--------------------------------------+-----------------------------+-----------------------------+----------------------------+----------------------------+-----------------------------+-----------------------------+--------------------+--------------------+-------------------------------------+-------------------------------------+----------------------------+----------------------------+---------------------------+---------------------------+


+-------------------------------------------------------------------------------------------------+
; Setup Transfers                                                                                 ;
+--------------------------+--------------------------+----------+----------+----------+----------+
; From Clock               ; To Clock                 ; RR Paths ; FR Paths ; RF Paths ; FF Paths ;
+--------------------------+--------------------------+----------+----------+----------+----------+
; clk                      ; clk                      ; 25631    ; 0        ; 0        ; 0        ;
; gen_pixclk:u_pix|clk_pix ; clk                      ; 1        ; 1        ; 0        ; 0        ;
; gen_pixclk:u_pix|clk_pix ; gen_pixclk:u_pix|clk_pix ; 410      ; 0        ; 0        ; 0        ;
+--------------------------+--------------------------+----------+----------+----------+----------+
Entries labeled "false path" only account for clock-to-clock false paths and not path-based false paths. As a result, actual path counts may be lower than reported.


+-------------------------------------------------------------------------------------------------+
; Hold Transfers                                                                                  ;
+--------------------------+--------------------------+----------+----------+----------+----------+
; From Clock               ; To Clock                 ; RR Paths ; FR Paths ; RF Paths ; FF Paths ;
+--------------------------+--------------------------+----------+----------+----------+----------+
; clk                      ; clk                      ; 25631    ; 0        ; 0        ; 0        ;
; gen_pixclk:u_pix|clk_pix ; clk                      ; 1        ; 1        ; 0        ; 0        ;
; gen_pixclk:u_pix|clk_pix ; gen_pixclk:u_pix|clk_pix ; 410      ; 0        ; 0        ; 0        ;
+--------------------------+--------------------------+----------+----------+----------+----------+
Entries labeled "false path" only account for clock-to-clock false paths and not path-based false paths. As a result, actual path counts may be lower than reported.


+-------------------------------------------------------------------+
; Recovery Transfers                                                ;
+------------+----------+----------+----------+----------+----------+
; From Clock ; To Clock ; RR Paths ; FR Paths ; RF Paths ; FF Paths ;
+------------+----------+----------+----------+----------+----------+
; clk        ; clk      ; 88       ; 0        ; 0        ; 0        ;
+------------+----------+----------+----------+----------+----------+
Entries labeled "false path" only account for clock-to-clock false paths and not path-based false paths. As a result, actual path counts may be lower than reported.


+-------------------------------------------------------------------+
; Removal Transfers                                                 ;
+------------+----------+----------+----------+----------+----------+
; From Clock ; To Clock ; RR Paths ; FR Paths ; RF Paths ; FF Paths ;
+------------+----------+----------+----------+----------+----------+
; clk        ; clk      ; 88       ; 0        ; 0        ; 0        ;
+------------+----------+----------+----------+----------+----------+
Entries labeled "false path" only account for clock-to-clock false paths and not path-based false paths. As a result, actual path counts may be lower than reported.


---------------
; Report TCCS ;
---------------
No dedicated SERDES Transmitter circuitry present in device or used in design


---------------
; Report RSKM ;
---------------
No non-DPA dedicated SERDES Receiver circuitry present in device or used in design


+------------------------------------------------+
; Unconstrained Paths Summary                    ;
+---------------------------------+-------+------+
; Property                        ; Setup ; Hold ;
+---------------------------------+-------+------+
; Illegal Clocks                  ; 0     ; 0    ;
; Unconstrained Clocks            ; 0     ; 0    ;
; Unconstrained Input Ports       ; 12    ; 12   ;
; Unconstrained Input Port Paths  ; 522   ; 522  ;
; Unconstrained Output Ports      ; 56    ; 56   ;
; Unconstrained Output Port Paths ; 2070  ; 2070 ;
+---------------------------------+-------+------+


+--------------------------------------------------------------------------+
; Clock Status Summary                                                     ;
+--------------------------+--------------------------+------+-------------+
; Target                   ; Clock                    ; Type ; Status      ;
+--------------------------+--------------------------+------+-------------+
; clk                      ; clk                      ; Base ; Constrained ;
; gen_pixclk:u_pix|clk_pix ; gen_pixclk:u_pix|clk_pix ; Base ; Constrained ;
+--------------------------+--------------------------+------+-------------+


+---------------------------------------------------------------------------------------------------+
; Unconstrained Input Ports                                                                         ;
+------------+--------------------------------------------------------------------------------------+
; Input Port ; Comment                                                                              ;
+------------+--------------------------------------------------------------------------------------+
; KEY[0]     ; No input delay, min/max delays, false-path exceptions, or max skew assignments found ;
; KEY[1]     ; No input delay, min/max delays, false-path exceptions, or max skew assignments found ;
; KEY[2]     ; No input delay, min/max delays, false-path exceptions, or max skew assignments found ;
; SW[0]      ; No input delay, min/max delays, false-path exceptions, or max skew assignments found ;
; SW[1]      ; No input delay, min/max delays, false-path exceptions, or max skew assignments found ;
; SW[2]      ; No input delay, min/max delays, false-path exceptions, or max skew assignments found ;
; SW[3]      ; No input delay, min/max delays, false-path exceptions, or max skew assignments found ;
; SW[4]      ; No input delay, min/max delays, false-path exceptions, or max skew assignments found ;
; SW[5]      ; No input delay, min/max delays, false-path exceptions, or max skew assignments found ;
; SW[6]      ; No input delay, min/max delays, false-path exceptions, or max skew assignments found ;
; SW[7]      ; No input delay, min/max delays, false-path exceptions, or max skew assignments found ;
; SW[8]      ; No input delay, min/max delays, false-path exceptions, or max skew assignments found ;
+------------+--------------------------------------------------------------------------------------+


+-----------------------------------------------------------------------------------------------------+
; Unconstrained Output Ports                                                                          ;
+-------------+---------------------------------------------------------------------------------------+
; Output Port ; Comment                                                                               ;
+-------------+---------------------------------------------------------------------------------------+
; HEX0[0]     ; No output delay, min/max delays, false-path exceptions, or max skew assignments found ;
; HEX0[1]     ; No output delay, min/max delays, false-path exceptions, or max skew assignments found ;
; HEX0[2]     ; No output delay, min/max delays, false-path exceptions, or max skew assignments found ;
; HEX0[3]     ; No output delay, min/max delays, false-path exceptions, or max skew assignments found ;
; HEX0[4]     ; No output delay, min/max delays, false-path exceptions, or max skew assignments found ;
; HEX0[5]     ; No output delay, min/max delays, false-path exceptions, or max skew assignments found ;
; HEX0[6]     ; No output delay, min/max delays, false-path exceptions, or max skew assignments found ;
; HEX1[0]     ; No output delay, min/max delays, false-path exceptions, or max skew assignments found ;
; HEX1[1]     ; No output delay, min/max delays, false-path exceptions, or max skew assignments found ;
; HEX1[2]     ; No output delay, min/max delays, false-path exceptions, or max skew assignments found ;
; HEX1[3]     ; No output delay, min/max delays, false-path exceptions, or max skew assignments found ;
; HEX1[4]     ; No output delay, min/max delays, false-path exceptions, or max skew assignments found ;
; HEX1[5]     ; No output delay, min/max delays, false-path exceptions, or max skew assignments found ;
; HEX1[6]     ; No output delay, min/max delays, false-path exceptions, or max skew assignments found ;
; HEX2[0]     ; No output delay, min/max delays, false-path exceptions, or max skew assignments found ;
; HEX2[1]     ; No output delay, min/max delays, false-path exceptions, or max skew assignments found ;
; HEX2[2]     ; No output delay, min/max delays, false-path exceptions, or max skew assignments found ;
; HEX2[3]     ; No output delay, min/max delays, false-path exceptions, or max skew assignments found ;
; HEX2[4]     ; No output delay, min/max delays, false-path exceptions, or max skew assignments found ;
; HEX2[5]     ; No output delay, min/max delays, false-path exceptions, or max skew assignments found ;
; HEX2[6]     ; No output delay, min/max delays, false-path exceptions, or max skew assignments found ;
; HEX3[0]     ; No output delay, min/max delays, false-path exceptions, or max skew assignments found ;
; HEX3[1]     ; No output delay, min/max delays, false-path exceptions, or max skew assignments found ;
; HEX3[2]     ; No output delay, min/max delays, false-path exceptions, or max skew assignments found ;
; HEX3[3]     ; No output delay, min/max delays, false-path exceptions, or max skew assignments found ;
; HEX3[4]     ; No output delay, min/max delays, false-path exceptions, or max skew assignments found ;
; HEX3[5]     ; No output delay, min/max delays, false-path exceptions, or max skew assignments found ;
; HEX3[6]     ; No output delay, min/max delays, false-path exceptions, or max skew assignments found ;
; hsync       ; No output delay, min/max delays, false-path exceptions, or max skew assignments found ;
; vga_b[0]    ; No output delay, min/max delays, false-path exceptions, or max skew assignments found ;
; vga_b[1]    ; No output delay, min/max delays, false-path exceptions, or max skew assignments found ;
; vga_b[2]    ; No output delay, min/max delays, false-path exceptions, or max skew assignments found ;
; vga_b[3]    ; No output delay, min/max delays, false-path exceptions, or max skew assignments found ;
; vga_b[4]    ; No output delay, min/max delays, false-path exceptions, or max skew assignments found ;
; vga_b[5]    ; No output delay, min/max delays, false-path exceptions, or max skew assignments found ;
; vga_b[6]    ; No output delay, min/max delays, false-path exceptions, or max skew assignments found ;
; vga_b[7]    ; No output delay, min/max delays, false-path exceptions, or max skew assignments found ;
; vga_blank_n ; No output delay, min/max delays, false-path exceptions, or max skew assignments found ;
; vga_clk     ; No output delay, min/max delays, false-path exceptions, or max skew assignments found ;
; vga_g[0]    ; No output delay, min/max delays, false-path exceptions, or max skew assignments found ;
; vga_g[1]    ; No output delay, min/max delays, false-path exceptions, or max skew assignments found ;
; vga_g[2]    ; No output delay, min/max delays, false-path exceptions, or max skew assignments found ;
; vga_g[3]    ; No output delay, min/max delays, false-path exceptions, or max skew assignments found ;
; vga_g[4]    ; No output delay, min/max delays, false-path exceptions, or max skew assignments found ;
; vga_g[5]    ; No output delay, min/max delays, false-path exceptions, or max skew assignments found ;
; vga_g[6]    ; No output delay, min/max delays, false-path exceptions, or max skew assignments found ;
; vga_g[7]    ; No output delay, min/max delays, false-path exceptions, or max skew assignments found ;
; vga_r[0]    ; No output delay, min/max delays, false-path exceptions, or max skew assignments found ;
; vga_r[1]    ; No output delay, min/max delays, false-path exceptions, or max skew assignments found ;
; vga_r[2]    ; No output delay, min/max delays, false-path exceptions, or max skew assignments found ;
; vga_r[3]    ; No output delay, min/max delays, false-path exceptions, or max skew assignments found ;
; vga_r[4]    ; No output delay, min/max delays, false-path exceptions, or max skew assignments found ;
; vga_r[5]    ; No output delay, min/max delays, false-path exceptions, or max skew assignments found ;
; vga_r[6]    ; No output delay, min/max delays, false-path exceptions, or max skew assignments found ;
; vga_r[7]    ; No output delay, min/max delays, false-path exceptions, or max skew assignments found ;
; vsync       ; No output delay, min/max delays, false-path exceptions, or max skew assignments found ;
+-------------+---------------------------------------------------------------------------------------+


+---------------------------------------------------------------------------------------------------+
; Unconstrained Input Ports                                                                         ;
+------------+--------------------------------------------------------------------------------------+
; Input Port ; Comment                                                                              ;
+------------+--------------------------------------------------------------------------------------+
; KEY[0]     ; No input delay, min/max delays, false-path exceptions, or max skew assignments found ;
; KEY[1]     ; No input delay, min/max delays, false-path exceptions, or max skew assignments found ;
; KEY[2]     ; No input delay, min/max delays, false-path exceptions, or max skew assignments found ;
; SW[0]      ; No input delay, min/max delays, false-path exceptions, or max skew assignments found ;
; SW[1]      ; No input delay, min/max delays, false-path exceptions, or max skew assignments found ;
; SW[2]      ; No input delay, min/max delays, false-path exceptions, or max skew assignments found ;
; SW[3]      ; No input delay, min/max delays, false-path exceptions, or max skew assignments found ;
; SW[4]      ; No input delay, min/max delays, false-path exceptions, or max skew assignments found ;
; SW[5]      ; No input delay, min/max delays, false-path exceptions, or max skew assignments found ;
; SW[6]      ; No input delay, min/max delays, false-path exceptions, or max skew assignments found ;
; SW[7]      ; No input delay, min/max delays, false-path exceptions, or max skew assignments found ;
; SW[8]      ; No input delay, min/max delays, false-path exceptions, or max skew assignments found ;
+------------+--------------------------------------------------------------------------------------+


+-----------------------------------------------------------------------------------------------------+
; Unconstrained Output Ports                                                                          ;
+-------------+---------------------------------------------------------------------------------------+
; Output Port ; Comment                                                                               ;
+-------------+---------------------------------------------------------------------------------------+
; HEX0[0]     ; No output delay, min/max delays, false-path exceptions, or max skew assignments found ;
; HEX0[1]     ; No output delay, min/max delays, false-path exceptions, or max skew assignments found ;
; HEX0[2]     ; No output delay, min/max delays, false-path exceptions, or max skew assignments found ;
; HEX0[3]     ; No output delay, min/max delays, false-path exceptions, or max skew assignments found ;
; HEX0[4]     ; No output delay, min/max delays, false-path exceptions, or max skew assignments found ;
; HEX0[5]     ; No output delay, min/max delays, false-path exceptions, or max skew assignments found ;
; HEX0[6]     ; No output delay, min/max delays, false-path exceptions, or max skew assignments found ;
; HEX1[0]     ; No output delay, min/max delays, false-path exceptions, or max skew assignments found ;
; HEX1[1]     ; No output delay, min/max delays, false-path exceptions, or max skew assignments found ;
; HEX1[2]     ; No output delay, min/max delays, false-path exceptions, or max skew assignments found ;
; HEX1[3]     ; No output delay, min/max delays, false-path exceptions, or max skew assignments found ;
; HEX1[4]     ; No output delay, min/max delays, false-path exceptions, or max skew assignments found ;
; HEX1[5]     ; No output delay, min/max delays, false-path exceptions, or max skew assignments found ;
; HEX1[6]     ; No output delay, min/max delays, false-path exceptions, or max skew assignments found ;
; HEX2[0]     ; No output delay, min/max delays, false-path exceptions, or max skew assignments found ;
; HEX2[1]     ; No output delay, min/max delays, false-path exceptions, or max skew assignments found ;
; HEX2[2]     ; No output delay, min/max delays, false-path exceptions, or max skew assignments found ;
; HEX2[3]     ; No output delay, min/max delays, false-path exceptions, or max skew assignments found ;
; HEX2[4]     ; No output delay, min/max delays, false-path exceptions, or max skew assignments found ;
; HEX2[5]     ; No output delay, min/max delays, false-path exceptions, or max skew assignments found ;
; HEX2[6]     ; No output delay, min/max delays, false-path exceptions, or max skew assignments found ;
; HEX3[0]     ; No output delay, min/max delays, false-path exceptions, or max skew assignments found ;
; HEX3[1]     ; No output delay, min/max delays, false-path exceptions, or max skew assignments found ;
; HEX3[2]     ; No output delay, min/max delays, false-path exceptions, or max skew assignments found ;
; HEX3[3]     ; No output delay, min/max delays, false-path exceptions, or max skew assignments found ;
; HEX3[4]     ; No output delay, min/max delays, false-path exceptions, or max skew assignments found ;
; HEX3[5]     ; No output delay, min/max delays, false-path exceptions, or max skew assignments found ;
; HEX3[6]     ; No output delay, min/max delays, false-path exceptions, or max skew assignments found ;
; hsync       ; No output delay, min/max delays, false-path exceptions, or max skew assignments found ;
; vga_b[0]    ; No output delay, min/max delays, false-path exceptions, or max skew assignments found ;
; vga_b[1]    ; No output delay, min/max delays, false-path exceptions, or max skew assignments found ;
; vga_b[2]    ; No output delay, min/max delays, false-path exceptions, or max skew assignments found ;
; vga_b[3]    ; No output delay, min/max delays, false-path exceptions, or max skew assignments found ;
; vga_b[4]    ; No output delay, min/max delays, false-path exceptions, or max skew assignments found ;
; vga_b[5]    ; No output delay, min/max delays, false-path exceptions, or max skew assignments found ;
; vga_b[6]    ; No output delay, min/max delays, false-path exceptions, or max skew assignments found ;
; vga_b[7]    ; No output delay, min/max delays, false-path exceptions, or max skew assignments found ;
; vga_blank_n ; No output delay, min/max delays, false-path exceptions, or max skew assignments found ;
; vga_clk     ; No output delay, min/max delays, false-path exceptions, or max skew assignments found ;
; vga_g[0]    ; No output delay, min/max delays, false-path exceptions, or max skew assignments found ;
; vga_g[1]    ; No output delay, min/max delays, false-path exceptions, or max skew assignments found ;
; vga_g[2]    ; No output delay, min/max delays, false-path exceptions, or max skew assignments found ;
; vga_g[3]    ; No output delay, min/max delays, false-path exceptions, or max skew assignments found ;
; vga_g[4]    ; No output delay, min/max delays, false-path exceptions, or max skew assignments found ;
; vga_g[5]    ; No output delay, min/max delays, false-path exceptions, or max skew assignments found ;
; vga_g[6]    ; No output delay, min/max delays, false-path exceptions, or max skew assignments found ;
; vga_g[7]    ; No output delay, min/max delays, false-path exceptions, or max skew assignments found ;
; vga_r[0]    ; No output delay, min/max delays, false-path exceptions, or max skew assignments found ;
; vga_r[1]    ; No output delay, min/max delays, false-path exceptions, or max skew assignments found ;
; vga_r[2]    ; No output delay, min/max delays, false-path exceptions, or max skew assignments found ;
; vga_r[3]    ; No output delay, min/max delays, false-path exceptions, or max skew assignments found ;
; vga_r[4]    ; No output delay, min/max delays, false-path exceptions, or max skew assignments found ;
; vga_r[5]    ; No output delay, min/max delays, false-path exceptions, or max skew assignments found ;
; vga_r[6]    ; No output delay, min/max delays, false-path exceptions, or max skew assignments found ;
; vga_r[7]    ; No output delay, min/max delays, false-path exceptions, or max skew assignments found ;
; vsync       ; No output delay, min/max delays, false-path exceptions, or max skew assignments found ;
+-------------+---------------------------------------------------------------------------------------+


+--------------------------+
; Timing Analyzer Messages ;
+--------------------------+
Info: *******************************************************************
Info: Running Quartus Prime Timing Analyzer
    Info: Version 22.1std.0 Build 915 10/25/2022 SC Lite Edition
    Info: Processing started: Thu Oct  9 20:53:56 2025
Info: Command: quartus_sta Problema1_Lab3 -c Problema1_Lab3
Info: qsta_default_script.tcl version: #1
Warning (18236): Number of processors has not been specified which may cause overloading on shared machines.  Set the global assignment NUM_PARALLEL_PROCESSORS in your QSF to an appropriate value for best performance.
Info (20030): Parallel compilation is enabled and will use 4 of the 4 processors detected
Info (21077): Low junction temperature is 0 degrees C
Info (21077): High junction temperature is 85 degrees C
Critical Warning (332012): Synopsys Design Constraints File file not found: 'Problema1_Lab3.sdc'. A Synopsys Design Constraints File is required by the Timing Analyzer to get proper timing constraints. Without it, the Compiler will not properly optimize the design.
Info (332142): No user constrained base clocks found in the design. Calling "derive_clocks -period 1.0"
Info (332105): Deriving Clocks
    Info (332105): create_clock -period 1.000 -name gen_pixclk:u_pix|clk_pix gen_pixclk:u_pix|clk_pix
    Info (332105): create_clock -period 1.000 -name clk clk
Info (332143): No user constrained clock uncertainty found in the design. Calling "derive_clock_uncertainty"
Info (332123): Deriving Clock Uncertainty. Please refer to report_sdc in the Timing Analyzer to see clock uncertainties.
Info: Found TIMING_ANALYZER_REPORT_SCRIPT_INCLUDE_DEFAULT_ANALYSIS = ON
Info: Analyzing Slow 1100mV 85C Model
Critical Warning (332148): Timing requirements not met
    Info (11105): For recommendations on closing timing, run Report Timing Closure Recommendations in the Timing Analyzer.
Info (332146): Worst-case setup slack is -4.629
    Info (332119):     Slack       End Point TNS Clock 
    Info (332119): ========= =================== =====================
    Info (332119):    -4.629            -476.078 clk 
    Info (332119):    -2.690             -50.395 gen_pixclk:u_pix|clk_pix 
Info (332146): Worst-case hold slack is 0.318
    Info (332119):     Slack       End Point TNS Clock 
    Info (332119): ========= =================== =====================
    Info (332119):     0.318               0.000 clk 
    Info (332119):     0.752               0.000 gen_pixclk:u_pix|clk_pix 
Info (332146): Worst-case recovery slack is -0.768
    Info (332119):     Slack       End Point TNS Clock 
    Info (332119): ========= =================== =====================
    Info (332119):    -0.768             -27.539 clk 
Info (332146): Worst-case removal slack is 0.758
    Info (332119):     Slack       End Point TNS Clock 
    Info (332119): ========= =================== =====================
    Info (332119):     0.758               0.000 clk 
Info (332146): Worst-case minimum pulse width slack is -0.394
    Info (332119):     Slack       End Point TNS Clock 
    Info (332119): ========= =================== =====================
    Info (332119):    -0.394            -108.082 clk 
    Info (332119):    -0.394             -10.485 gen_pixclk:u_pix|clk_pix 
Info: Analyzing Slow 1100mV 0C Model
Info (334003): Started post-fitting delay annotation
Info (334004): Delay annotation completed successfully
Info (332123): Deriving Clock Uncertainty. Please refer to report_sdc in the Timing Analyzer to see clock uncertainties.
Critical Warning (332148): Timing requirements not met
    Info (11105): For recommendations on closing timing, run Report Timing Closure Recommendations in the Timing Analyzer.
Info (332146): Worst-case setup slack is -4.610
    Info (332119):     Slack       End Point TNS Clock 
    Info (332119): ========= =================== =====================
    Info (332119):    -4.610            -467.405 clk 
    Info (332119):    -2.539             -48.195 gen_pixclk:u_pix|clk_pix 
Info (332146): Worst-case hold slack is 0.276
    Info (332119):     Slack       End Point TNS Clock 
    Info (332119): ========= =================== =====================
    Info (332119):     0.276               0.000 clk 
    Info (332119):     0.709               0.000 gen_pixclk:u_pix|clk_pix 
Info (332146): Worst-case recovery slack is -0.684
    Info (332119):     Slack       End Point TNS Clock 
    Info (332119): ========= =================== =====================
    Info (332119):    -0.684             -24.392 clk 
Info (332146): Worst-case removal slack is 0.708
    Info (332119):     Slack       End Point TNS Clock 
    Info (332119): ========= =================== =====================
    Info (332119):     0.708               0.000 clk 
Info (332146): Worst-case minimum pulse width slack is -0.394
    Info (332119):     Slack       End Point TNS Clock 
    Info (332119): ========= =================== =====================
    Info (332119):    -0.394            -115.549 clk 
    Info (332119):    -0.394             -10.400 gen_pixclk:u_pix|clk_pix 
Info: Analyzing Fast 1100mV 85C Model
Info (334003): Started post-fitting delay annotation
Info (334004): Delay annotation completed successfully
Info (332123): Deriving Clock Uncertainty. Please refer to report_sdc in the Timing Analyzer to see clock uncertainties.
Critical Warning (332148): Timing requirements not met
    Info (11105): For recommendations on closing timing, run Report Timing Closure Recommendations in the Timing Analyzer.
Info (332146): Worst-case setup slack is -2.604
    Info (332119):     Slack       End Point TNS Clock 
    Info (332119): ========= =================== =====================
    Info (332119):    -2.604            -196.286 clk 
    Info (332119):    -1.233             -22.280 gen_pixclk:u_pix|clk_pix 
Info (332146): Worst-case hold slack is 0.182
    Info (332119):     Slack       End Point TNS Clock 
    Info (332119): ========= =================== =====================
    Info (332119):     0.182               0.000 clk 
    Info (332119):     0.393               0.000 gen_pixclk:u_pix|clk_pix 
Info (332146): Worst-case recovery slack is -0.033
    Info (332119):     Slack       End Point TNS Clock 
    Info (332119): ========= =================== =====================
    Info (332119):    -0.033              -0.633 clk 
Info (332146): Worst-case removal slack is 0.422
    Info (332119):     Slack       End Point TNS Clock 
    Info (332119): ========= =================== =====================
    Info (332119):     0.422               0.000 clk 
Info (332146): Worst-case minimum pulse width slack is -0.094
    Info (332119):     Slack       End Point TNS Clock 
    Info (332119): ========= =================== =====================
    Info (332119):    -0.094             -18.420 clk 
    Info (332119):     0.092               0.000 gen_pixclk:u_pix|clk_pix 
Info: Analyzing Fast 1100mV 0C Model
Info (332123): Deriving Clock Uncertainty. Please refer to report_sdc in the Timing Analyzer to see clock uncertainties.
Critical Warning (332148): Timing requirements not met
    Info (11105): For recommendations on closing timing, run Report Timing Closure Recommendations in the Timing Analyzer.
Info (332146): Worst-case setup slack is -2.077
    Info (332119):     Slack       End Point TNS Clock 
    Info (332119): ========= =================== =====================
    Info (332119):    -2.077            -167.379 clk 
    Info (332119):    -1.032             -18.835 gen_pixclk:u_pix|clk_pix 
Info (332146): Worst-case hold slack is 0.171
    Info (332119):     Slack       End Point TNS Clock 
    Info (332119): ========= =================== =====================
    Info (332119):     0.171               0.000 clk 
    Info (332119):     0.346               0.000 gen_pixclk:u_pix|clk_pix 
Info (332146): Worst-case recovery slack is 0.057
    Info (332119):     Slack       End Point TNS Clock 
    Info (332119): ========= =================== =====================
    Info (332119):     0.057               0.000 clk 
Info (332146): Worst-case removal slack is 0.381
    Info (332119):     Slack       End Point TNS Clock 
    Info (332119): ========= =================== =====================
    Info (332119):     0.381               0.000 clk 
Info (332146): Worst-case minimum pulse width slack is -0.092
    Info (332119):     Slack       End Point TNS Clock 
    Info (332119): ========= =================== =====================
    Info (332119):    -0.092             -18.056 clk 
    Info (332119):     0.107               0.000 gen_pixclk:u_pix|clk_pix 
Info (332102): Design is not fully constrained for setup requirements
Info (332102): Design is not fully constrained for hold requirements
Info: Quartus Prime Timing Analyzer was successful. 0 errors, 6 warnings
    Info: Peak virtual memory: 5402 megabytes
    Info: Processing ended: Thu Oct  9 20:54:02 2025
    Info: Elapsed time: 00:00:06
    Info: Total CPU time (on all processors): 00:00:09


